sku,url_key,attribute_set_code,product_type,product_websites,product_online,categories,vendor,visibility,name,description,producttype,screen,screen_resolution,cpu,ram,memory,vga,os,weightkg,price,,,base_image,small_image,thumbnail_image,additional_images,accessories,qty,max_cart_qty,pin
15-bs101nv (i7-8550u/8gb/256gb/fhd/w10)-8gb-256gb ssd,15-bs101nv (i7-8550u/8gb/256gb/fhd/w10)-8gb-256gb ssd,Laptop,simple,base,Yes,Laptop/HP,HP,"Catalog, Search",15-BS101nv (i7-8550U/8GB/256GB/FHD/W10),Một sản phẩm phù hợp với các bạn sinh viên.,Ultrabook,15.6,Full HD 1920x1080,Intel Core i7 8550U 1.8GHz,8GB,256GB SSD,Intel HD Graphics 620,Windows 10,1.91kg,18307481,hp-01,hp-02,hp-01.jpg,hp-01.jpg,hp-01.jpg,hp-02.jpg,Bộ sạc + hướng dẫn sử dụng,20,3,Lithium 4 cells
17-ak001nv (a6-9220/4gb/500gb/radeon-4gb-500gb hdd,17-ak001nv (a6-9220/4gb/500gb/radeon-4gb-500gb hdd,Laptop,simple,base,Yes,Laptop/HP,HP,"Catalog, Search",17-ak001nv (A6-9220/4GB/500GB/Radeon,Một sản phẩm phù hợp với các bạn sinh viên.,Notebook,17.3,Full HD 1920x1080,AMD A6-Series 9220 2.5GHz,4GB,500GB HDD,AMD Radeon 530,Windows 10,2.71kg,12195727,hp-03,hp-04,hp-03.jpg,hp-03.jpg,hp-03.jpg,hp-04.jpg,Bộ sạc + hướng dẫn sử dụng,20,3,Lithium 4 cells
250 g6-4gb-1tb hdd,250 g6-4gb-1tb hdd,Laptop,simple,base,Yes,Laptop/HP,HP,"Catalog, Search",250 G6,Một sản phẩm phù hợp với các bạn sinh viên.,Notebook,15.6,1366x768,Intel Core i5 7200U 2.5GHz,4GB,1TB HDD,Intel HD Graphics 620,Windows 10,1.86kg,13576150,hp-05,hp-06,hp-05.jpg,hp-05.jpg,hp-05.jpg,hp-06.jpg,Bộ sạc + hướng dẫn sử dụng,20,3,Lithium 4 cells
250 g6-4gb-500gb hdd1,250 g6-4gb-500gb hdd1,Laptop,simple,base,Yes,Laptop/HP,HP,"Catalog, Search",250 G6,Một sản phẩm phù hợp với các bạn sinh viên.,Notebook,15.6,1366x768,Intel Core i5 7200U 2.5GHz,4GB,500GB HDD,Intel HD Graphics 620,No OS,1.86kg,10942818,hp-07,hp-08,hp-07.jpg,hp-07.jpg,hp-07.jpg,hp-08.jpg,Bộ sạc + hướng dẫn sử dụng,20,3,Lithium 4 cells
250 g6-4gb-500gb hdd,250 g6-4gb-500gb hdd,Laptop,simple,base,Yes,Laptop/HP,HP,"Catalog, Search",250 G6,Một sản phẩm phù hợp với các bạn sinh viên.,Notebook,15.6,Full HD 1920x1080,Intel Core i3 6006U 2GHz,4GB,500GB HDD,Intel HD Graphics 520,No OS,1.86kg,9584064,hp-09,hp-10,hp-09.jpg,hp-09.jpg,hp-09.jpg,hp-10.jpg,Bộ sạc + hướng dẫn sử dụng,20,3,Lithium 4 cells
250 g6-8gb-256gb ssd,250 g6-8gb-256gb ssd,Laptop,simple,base,Yes,Laptop/HP,HP,"Catalog, Search",250 G6,Một sản phẩm phù hợp với các bạn sinh viên.,Notebook,15.6,Full HD 1920x1080,Intel Core i5 7200U 2.5GHz,8GB,256GB SSD,Intel HD Graphics 620,No OS,1.86kg,15973903,hp-11,hp-12,hp-11.jpg,hp-11.jpg,hp-11.jpg,hp-12.jpg,Bộ sạc + hướng dẫn sử dụng,20,3,Lithium 4 cells
255 g6-4gb-256gb ssd,255 g6-4gb-256gb ssd,Laptop,simple,base,Yes,Laptop/HP,HP,"Catalog, Search",255 G6,Một sản phẩm phù hợp với các bạn sinh viên.,Notebook,15.6,Full HD 1920x1080,AMD A6-Series 9220 2.5GHz,4GB,256GB SSD,AMD Radeon R4 Graphics,Windows 10,1.86kg,11070331,hp-13,hp-14,hp-13.jpg,hp-13.jpg,hp-13.jpg,hp-14.jpg,Bộ sạc + hướng dẫn sử dụng,20,3,Lithium 4 cells
255 g6-4gb-500gb hdd,255 g6-4gb-500gb hdd,Laptop,simple,base,Yes,Laptop/HP,HP,"Catalog, Search",255 G6,Một sản phẩm phù hợp với các bạn sinh viên.,Notebook,15.6,1366x768,AMD E-Series E2-9000e 1.5GHz,4GB,500GB HDD,AMD Radeon R2,No OS,1.86kg,7167421,hp-15,hp-16,hp-15.jpg,hp-15.jpg,hp-15.jpg,hp-16.jpg,Bộ sạc + hướng dẫn sử dụng,20,3,Lithium 4 cells
aspire 3-4gb-1tb hdd1,aspire 3-4gb-1tb hdd1,Laptop,simple,base,Yes,Laptop/Acer,Acer,"Catalog, Search",Aspire 3,Một sản phẩm phù hợp với các bạn sinh viên.,Notebook,15.6,1366x768,Intel Core i3 7130U 2.7GHz,4GB,1TB HDD,Intel HD Graphics 620,Linux,2.1kg,10195517,acer-19,acer-20,acer-19.jpg,acer-19.jpg,acer-19.jpg,acer-20.jpg,Bộ sạc + hướng dẫn sử dụng,20,3,Lithium 4 cells
aspire 3-4gb-1tb hdd2,aspire 3-4gb-1tb hdd2,Laptop,simple,base,Yes,Laptop/Acer,Acer,"Catalog, Search",Aspire 3,Một sản phẩm phù hợp với các bạn sinh viên.,Notebook,15.6,1366x768,Intel Core i3 7100U 2.4GHz,4GB,1TB HDD,Intel HD Graphics 620,Windows 10,2.4kg,10667789,acer-01,acer-02,acer-01.jpg,acer-01.jpg,acer-01.jpg,acer-02.jpg,Bộ sạc + hướng dẫn sử dụng,20,3,Lithium 4 cells
aspire 3-4gb-1tb hdd,aspire 3-4gb-1tb hdd,Laptop,simple,base,Yes,Laptop/Acer,Acer,"Catalog, Search",Aspire 3,Một sản phẩm phù hợp với các bạn sinh viên.,Notebook,15.6,1366x768,AMD A9-Series 9420 3GHz,4GB,1TB HDD,AMD Radeon R5,Windows 10,2.1kg,10973377,acer-03,acer-04,acer-03.jpg,acer-03.jpg,acer-03.jpg,acer-04.jpg,Bộ sạc + hướng dẫn sử dụng,20,3,Lithium 4 cells
aspire 3-4gb-500gb hdd,aspire 3-4gb-500gb hdd,Laptop,simple,base,Yes,Laptop/Acer,Acer,"Catalog, Search",Aspire 3,Một sản phẩm phù hợp với các bạn sinh viên.,Notebook,15.6,1366x768,AMD A9-Series 9420 3GHz,4GB,500GB HDD,AMD Radeon R5,Windows 10,2.1kg,11112280,acer-05,acer-06,acer-05.jpg,acer-05.jpg,acer-05.jpg,acer-06.jpg,Bộ sạc + hướng dẫn sử dụng,20,3,Lithium 4 cells
aspire 5-8gb-1tb hdd,aspire 5-8gb-1tb hdd,Laptop,simple,base,Yes,Laptop/Acer,Acer,"Catalog, Search",Aspire 5,Một sản phẩm phù hợp với các bạn sinh viên.,Notebook,15.6,Full HD 1920x1080,Intel Core i7 8550U 1.8GHz,8GB,1TB HDD,Nvidia GeForce MX150,Windows 10,2.2kg,19140902,acer-07,acer-08,acer-07.jpg,acer-07.jpg,acer-07.jpg,acer-08.jpg,Bộ sạc + hướng dẫn sử dụng,20,3,Lithium 4 cells
aspire a515-51g-32mx-4gb-1tb hdd,aspire a515-51g-32mx-4gb-1tb hdd,Laptop,simple,base,Yes,Laptop/Acer,Acer,"Catalog, Search",Aspire A515-51G-32MX,Một sản phẩm phù hợp với các bạn sinh viên.,Notebook,15.6,Full HD 1920x1080,Intel Core i3 7130U 2.7GHz,4GB,1TB HDD,Nvidia GeForce MX130,Windows 10,2.2kg,14723771,acer-09,acer-10,acer-09.jpg,acer-09.jpg,acer-09.jpg,acer-10.jpg,Bộ sạc + hướng dẫn sử dụng,20,3,Lithium 4 cells
aspire a515-51g-4gb-256gb ssd,aspire a515-51g-4gb-256gb ssd,Laptop,simple,base,Yes,Laptop/Acer,Acer,"Catalog, Search",Aspire A515-51G,Một sản phẩm phù hợp với các bạn sinh viên.,Notebook,15.6,IPS Panel Full HD 1920x1080,Intel Core i5 8250U 1.6GHz,4GB,256GB SSD,Intel UHD Graphics 620,Windows 10,2.2kg,18946437,acer-11,acer-12,acer-11.jpg,acer-11.jpg,acer-11.jpg,acer-12.jpg,Bộ sạc + hướng dẫn sử dụng,20,3,Lithium 4 cells
aspire a515-51g-8gb-256gb ssd,aspire a515-51g-8gb-256gb ssd,Laptop,simple,base,Yes,Laptop/Acer,Acer,"Catalog, Search",Aspire A515-51G,Một sản phẩm phù hợp với các bạn sinh viên.,Notebook,15.6,IPS Panel Full HD 1920x1080,Intel Core i7 8550U 1.8GHz,8GB,256GB SSD,Nvidia GeForce MX150,Windows 10,2.2kg,23363569,acer-13,acer-14,acer-13.jpg,acer-13.jpg,acer-13.jpg,acer-14.jpg,Bộ sạc + hướng dẫn sử dụng,20,3,Lithium 4 cells
aspire e5-475-8gb-1tb hdd,aspire e5-475-8gb-1tb hdd,Laptop,simple,base,Yes,Laptop/Acer,Acer,"Catalog, Search",Aspire E5-475,Một sản phẩm phù hợp với các bạn sinh viên.,Notebook,14,1366x768,Intel Core i3 6006U 2GHz,8GB,1TB HDD,Intel HD Graphics 520,Windows 10,2.1kg,10806692,acer-15,acer-16,acer-15.jpg,acer-15.jpg,acer-15.jpg,acer-16.jpg,Bộ sạc + hướng dẫn sử dụng,20,3,Lithium 4 cells
blade pro z-16gb-1tb ssd,blade pro z-16gb-1tb ssd,Laptop,simple,base,Yes,Laptop/Razer,Razer,"Catalog, Search",Blade Pro Z,Một sản phẩm phù hợp với các bạn sinh viên.,Gaming,14.8,Full HD 1920x1080,Intel Core i7 7700HQ 2.8GHz,16GB,1TB SSD,Nvidia GeForce GTX 1060,Windows 10,1.95kg,141653789,RAZOR-1,RAZOR-1,RAZOR-1.1.jpg,RAZOR-1.1.jpg,RAZOR-1.1.jpg,RAZOR-1.2.jpg,Bộ sạc + hướng dẫn sử dụng,20,3,Lithium 4 cells
blade pro-16gb-1tb ssd,blade pro-16gb-1tb ssd,Laptop,simple,base,Yes,Laptop/Razer,Razer,"Catalog, Search",Blade Pro,Một sản phẩm phù hợp với các bạn sinh viên.,Gaming,14,Full HD 1920x1080,Intel Core i7 7700HQ 2.8GHz,16GB,1TB SSD,Nvidia GeForce GTX 1060,Windows 10,1.95kg,97204669,RAZOR-2,RAZOR-2,RAZOR-2.1.jpg,RAZOR-2.1.jpg,RAZOR-2.1.jpg,RAZOR-2.2.jpg,Bộ sạc + hướng dẫn sử dụng,20,3,Lithium 4 cells
blade pro-16gb-256gb ssd,blade pro-16gb-256gb ssd,Laptop,simple,base,Yes,Laptop/Razer,Razer,"Catalog, Search",Blade Pro,Một sản phẩm phù hợp với các bạn sinh viên.,Gaming,14,Full HD 1920x1080,Intel Core i7 7700HQ 2.8GHz,16GB,256GB SSD,Nvidia GeForce GTX 1060,Windows 10,1.95kg,72202039,RAZOR-3,RAZOR-3,RAZOR-3.1.jpg,RAZOR-3.1.jpg,RAZOR-3.1.jpg,RAZOR-3.2.jpg,Bộ sạc + hướng dẫn sử dụng,20,3,Lithium 4 cells
blade pro-16gb-512gb ssd,blade pro-16gb-512gb ssd,Laptop,simple,base,Yes,Laptop/Razer,Razer,"Catalog, Search",Blade Pro,Một sản phẩm phù hợp với các bạn sinh viên.,Gaming,14,Full HD 1920x1080,Intel Core i7 7700HQ 2.8GHz,16GB,512GB SSD,Nvidia GeForce GTX 1060,Windows 10,1.95kg,80536249,RAZOR-4,RAZOR-4,RAZOR-4.1.jpg,RAZOR-4.1.jpg,RAZOR-4.1.jpg,RAZOR-4.2.jpg,Bộ sạc + hướng dẫn sử dụng,20,3,Lithium 4 cells
blade pro-32gb-1tb ssd,blade pro-32gb-1tb ssd,Laptop,simple,base,Yes,Laptop/Razer,Razer,"Catalog, Search",Blade Pro,Một sản phẩm phù hợp với các bạn sinh viên.,Gaming,17.3,4K Ultra HD / Touchscreen 3840x2160,Intel Core i7 7820HK 2.9GHz,32GB,1TB SSD,Nvidia GeForce GTX 1080,Windows 10,3.49kg,169434489,RAZOR-5,RAZOR-5,RAZOR-5.1.jpg,RAZOR-5.1.jpg,RAZOR-5.1.jpg,RAZOR-5.2.jpg,Bộ sạc + hướng dẫn sử dụng,20,3,Lithium 4 cells
blade pro-32gb-512gb ssd,blade pro-32gb-512gb ssd,Laptop,simple,base,Yes,Laptop/Razer,Razer,"Catalog, Search",Blade Pro,Một sản phẩm phù hợp với các bạn sinh viên.,Gaming,17.3,4K Ultra HD / Touchscreen 3840x2160,Intel Core i7 7820HK 2.9GHz,32GB,512GB SSD,Nvidia GeForce GTX 1080,Windows 10,3.49kg,152766069,RAZOR-6,RAZOR-6,RAZOR-6.1.jpg,RAZOR-6.1.jpg,RAZOR-6.1.jpg,RAZOR-6.2.jpg,Bộ sạc + hướng dẫn sử dụng,20,3,Lithium 4 cells
blade stealth-16gb-512gb ssd,blade stealth-16gb-512gb ssd,Laptop,simple,base,Yes,Laptop/Razer,Razer,"Catalog, Search",Blade Stealth,Một sản phẩm phù hợp với các bạn sinh viên.,Ultrabook,12.5,IPS Panel 4K Ultra HD / Touchscreen 3840x2160,Intel Core i7 7500U 2.5GHz,16GB,512GB SSD,Intel HD Graphics 620,Windows 10,1.29kg,49977479,RAZOR-7,RAZOR-7,RAZOR-7.1.jpg,RAZOR-7.1.jpg,RAZOR-7.1.jpg,RAZOR-7.2.jpg,Bộ sạc + hướng dẫn sử dụng,20,3,Lithium 4 cells
blade stealth-8gb-256gb ssd,blade stealth-8gb-256gb ssd,Laptop,simple,base,Yes,Laptop/Razer,Razer,"Catalog, Search",Blade Stealth,Một sản phẩm phù hợp với các bạn sinh viên.,Ultrabook,12.5,Touchscreen / 4K Ultra HD 3840x2160,Intel Core i7 6500U 2.5GHz,8GB,256GB SSD,Intel HD Graphics 520,Windows 10,1.25kg,28586340,RAZOR-8,RAZOR-8,RAZOR-8.1.jpg,RAZOR-8.1.jpg,RAZOR-8.1.jpg,RAZOR-8.2.jpg,Bộ sạc + hướng dẫn sử dụng,20,3,Lithium 4 cells
blade x-32gb-512gb ssd,blade x-32gb-512gb ssd,Laptop,simple,base,Yes,Laptop/Razer,Razer,"Catalog, Search",Blade X,Một sản phẩm phù hợp với các bạn sinh viên.,Gaming,17.3,4K Ultra HD / Touchscreen 3840x2160,Intel Core i7 7820HK 2.9GHz,32GB,512GB SSD,Nvidia GeForce GTX 1080,Windows 10,3.49kg,188880979,RAZOR-9,RAZOR-9,RAZOR-9.1.jpg,RAZOR-9.1.jpg,RAZOR-9.1.jpg,RAZOR-9.2.jpg,Bộ sạc + hướng dẫn sử dụng,20,3,Lithium 4 cells
blade y-8gb-256gb ssd,blade y-8gb-256gb ssd,Laptop,simple,base,Yes,Laptop/Razer,Razer,"Catalog, Search",Blade Y,Một sản phẩm phù hợp với các bạn sinh viên.,Ultrabook,12.5,Touchscreen / 4K Ultra HD 3840x2160,Intel Core i7 6500U 2.5GHz,8GB,256GB SSD,Intel HD Graphics 520,Windows 10,1.25kg,63867829,RAZOR-10,RAZOR-10,RAZOR-10.1.jpg,RAZOR-10.1.jpg,RAZOR-10.1.jpg,RAZOR-10.2.jpg,Bộ sạc + hướng dẫn sử dụng,20,3,Lithium 4 cells
chromebook 3-4gb-16gb flash storage,chromebook 3-4gb-16gb flash storage,Laptop,simple,base,Yes,Laptop/Samsung,Samsung,"Catalog, Search",Chromebook 3,Một sản phẩm phù hợp với các bạn sinh viên.,Netbook,11.6,1366x768,Intel Celeron Dual Core N3060 1.6GHz,4GB,16GB Flash Storage,Intel HD Graphics 400,Chrome OS,1.15kg,7473008,SAMSUNG-1,SAMSUNG-1,SAMSUNG-1.1.jpg,SAMSUNG-1.1.jpg,SAMSUNG-1.1.jpg,SAMSUNG-1.2.jpg,Bộ sạc + hướng dẫn sử dụng,20,3,Lithium 4 cells
chromebook plus-4gb-32gb flash storage1,chromebook plus-4gb-32gb flash storage1,Laptop,simple,base,Yes,Laptop/Samsung,Samsung,"Catalog, Search",Chromebook Plus,Một sản phẩm phù hợp với các bạn sinh viên.,2 in 1 Convertible,12.3,IPS Panel Touchscreen 2400x1600,Samsung Cortex A72&A53 2.0GHz,4GB,32GB Flash Storage,ARM Mali T860 MP4,Chrome OS,1.15kg,18307481,SAMSUNG-2,SAMSUNG-2,SAMSUNG-2.1.jpg,SAMSUNG-2.1.jpg,SAMSUNG-2.1.jpg,SAMSUNG-2.2.jpg,Bộ sạc + hướng dẫn sử dụng,20,3,Lithium 4 cells
chromebook plus-4gb-32gb flash storage,chromebook plus-4gb-32gb flash storage,Laptop,simple,base,Yes,Laptop/Samsung,Samsung,"Catalog, Search",Chromebook Plus,Một sản phẩm phù hợp với các bạn sinh viên.,2 in 1 Convertible,12.3,IPS Panel Touchscreen 2400x1600,Samsung Cortex A72&A53 2.0GHz,4GB,32GB Flash Storage,ARM Mali T860 MP4,Chrome OS,1.15kg,21085551,SAMSUNG-3,SAMSUNG-3,SAMSUNG-3.1.jpg,SAMSUNG-3.1.jpg,SAMSUNG-3.1.jpg,SAMSUNG-3.2.jpg,Bộ sạc + hướng dẫn sử dụng,20,3,Lithium 4 cells
e402wa-ga010t (e2-6110/2gb/32gb/w10),e402wa-ga010t (e2-6110/2gb/32gb/w10),Laptop,simple,base,Yes,Laptop/Asus,Asus,"Catalog, Search",E402WA-GA010T (E2-6110/2GB/32GB/W10),Một sản phẩm phù hợp với các bạn sinh viên.,Notebook,14,1366x768,AMD E-Series E2-6110 1.5GHz,2GB,32GB Flash Storage,AMD Radeon R2,Windows 10,1.65kg,5528359,asus-01,asus-02,asus-01.jpg,asus-01.jpg,asus-01.jpg,asus-02.jpg,Bộ sạc + hướng dẫn sử dụng,20,3,Lithium 4 cells
ge63vr 7re-16gb-256gb ssd +  1tb hdd,ge63vr 7re-16gb-256gb ssd +  1tb hdd,Laptop,simple,base,Yes,Laptop/MSI,MSI,"Catalog, Search",GE63VR 7RE,Một sản phẩm phù hợp với các bạn sinh viên.,Gaming,15.6,IPS Panel Full HD 1920x1080,Intel Core i7 7700HQ 2.8GHz,16GB,256GB SSD +  1TB HDD,Nvidia GeForce GTX 1060,Windows 10,2.4kg,49977479,MICROSOFT-7,MICROSOFT-7,MICROSOFT-7.1.jpg,MICROSOFT-7.1.jpg,MICROSOFT-7.1.jpg,MICROSOFT-7.2.jpg,Bộ sạc + hướng dẫn sử dụng,20,3,Lithium 4 cells
ge63vr 7rf-16gb-256gb ssd +  1tb hdd,ge63vr 7rf-16gb-256gb ssd +  1tb hdd,Laptop,simple,base,Yes,Laptop/MSI,MSI,"Catalog, Search",GE63VR 7RF,Một sản phẩm phù hợp với các bạn sinh viên.,Gaming,15.6,IPS Panel Full HD 1920x1080,Intel Core i7 7700HQ 2.8GHz,16GB,256GB SSD +  1TB HDD,Nvidia GeForce GTX 1070,Windows 10,2.8kg,58311689,MSI-1,MSI-1,MSI-1.1.jpg,MSI-1.1.jpg,MSI-1.1.jpg,MSI-1.2.jpg,Bộ sạc + hướng dẫn sử dụng,20,3,Lithium 4 cells
ge72mvr 7rg-16gb-256gb ssd +  1tb hdd,ge72mvr 7rg-16gb-256gb ssd +  1tb hdd,Laptop,simple,base,Yes,Laptop/MSI,MSI,"Catalog, Search",GE72MVR 7RG,Một sản phẩm phù hợp với các bạn sinh viên.,Gaming,17.3,Full HD 1920x1080,Intel Core i7 7700HQ 2.8GHz,16GB,256GB SSD +  1TB HDD,Nvidia GeForce GTX 1070,Windows 10,2.9kg,56367040,MSI-2,MSI-2,MSI-2.1.jpg,MSI-2.1.jpg,MSI-2.1.jpg,MSI-2.2.jpg,Bộ sạc + hướng dẫn sử dụng,20,3,Lithium 4 cells
ge73vr 7re-16gb-256gb ssd +  1tb hdd,ge73vr 7re-16gb-256gb ssd +  1tb hdd,Laptop,simple,base,Yes,Laptop/MSI,MSI,"Catalog, Search",GE73VR 7RE,Một sản phẩm phù hợp với các bạn sinh viên.,Gaming,17.3,Full HD 1920x1080,Intel Core i7 7700HQ 2.8GHz,16GB,256GB SSD +  1TB HDD,Nvidia GeForce GTX 1060,Windows 10,2.8kg,52505523,MSI-3,MSI-3,MSI-3.1.jpg,MSI-3.1.jpg,MSI-3.1.jpg,MSI-3.2.jpg,Bộ sạc + hướng dẫn sử dụng,20,3,Lithium 4 cells
gl72m 7rdx-8gb-128gb ssd +  1tb hdd,gl72m 7rdx-8gb-128gb ssd +  1tb hdd,Laptop,simple,base,Yes,Laptop/MSI,MSI,"Catalog, Search",GL72M 7RDX,Một sản phẩm phù hợp với các bạn sinh viên.,Gaming,17.3,Full HD 1920x1080,Intel Core i5 7300HQ 2.5GHz,8GB,128GB SSD +  1TB HDD,Nvidia GeForce GTX 1050,Windows 10,2.7kg,30419867,MSI-4,MSI-4,MSI-4.1.jpg,MSI-4.1.jpg,MSI-4.1.jpg,MSI-4.2.jpg,Bộ sạc + hướng dẫn sử dụng,20,3,Lithium 4 cells
gp62m 7rex-16gb-256gb ssd +  1tb hdd,gp62m 7rex-16gb-256gb ssd +  1tb hdd,Laptop,simple,base,Yes,Laptop/MSI,MSI,"Catalog, Search",GP62M 7REX,Một sản phẩm phù hợp với các bạn sinh viên.,Gaming,15.6,Full HD 1920x1080,Intel Core i7 7700HQ 2.8GHz,16GB,256GB SSD +  1TB HDD,Nvidia GeForce GTX 1050 Ti,Windows 10,2.2kg,36087129,MSI-5,MSI-5,MSI-5.1.jpg,MSI-5.1.jpg,MSI-5.1.jpg,MSI-5.2.jpg,Bộ sạc + hướng dẫn sử dụng,20,3,Lithium 4 cells
gs63vr 7rg-16gb-256gb ssd +  2tb hdd,gs63vr 7rg-16gb-256gb ssd +  2tb hdd,Laptop,simple,base,Yes,Laptop/MSI,MSI,"Catalog, Search",GS63VR 7RG,Một sản phẩm phù hợp với các bạn sinh viên.,Gaming,15.6,Full HD 1920x1080,Intel Core i7 7700HQ 2.8GHz,16GB,256GB SSD +  2TB HDD,Nvidia GeForce GTX 1070,Windows 10,1.8kg,62270439,MSI-6,MSI-6,MSI-6.1.jpg,MSI-6.1.jpg,MSI-6.1.jpg,MSI-6.2.jpg,Bộ sạc + hướng dẫn sử dụng,20,3,Lithium 4 cells
gs73vr 7rg-16gb-256gb ssd +  2tb hdd,gs73vr 7rg-16gb-256gb ssd +  2tb hdd,Laptop,simple,base,Yes,Laptop/MSI,MSI,"Catalog, Search",GS73VR 7RG,Một sản phẩm phù hợp với các bạn sinh viên.,Gaming,17.3,Full HD 1920x1080,Intel Core i7 7700HQ 2.8GHz,16GB,256GB SSD +  2TB HDD,Nvidia GeForce GTX 1070,Windows 10,2.43kg,68034934,MSI-7,MSI-7,MSI-7.1.jpg,MSI-7.1.jpg,MSI-7.1.jpg,MSI-7.2.jpg,Bộ sạc + hướng dẫn sử dụng,20,3,Lithium 4 cells
gt73evr 7re-16gb-512gb ssd +  1tb hdd,gt73evr 7re-16gb-512gb ssd +  1tb hdd,Laptop,simple,base,Yes,Laptop/MSI,MSI,"Catalog, Search",GT73EVR 7RE,Một sản phẩm phù hợp với các bạn sinh viên.,Gaming,17.3,Full HD 1920x1080,Intel Core i7 7700HQ 2.8GHz,16GB,512GB SSD +  1TB HDD,Nvidia GeForce GTX 1070,Windows 10,4.14kg,69423969,MSI-8,MSI-8,MSI-8.1.jpg,MSI-8.1.jpg,MSI-8.1.jpg,MSI-8.2.jpg,Bộ sạc + hướng dẫn sử dụng,20,3,Lithium 4 cells
gt80s 6qf-074us-32gb-512gb ssd +  1tb hdd,gt80s 6qf-074us-32gb-512gb ssd +  1tb hdd,Laptop,simple,base,Yes,Laptop/MSI,MSI,"Catalog, Search",GT80S 6QF-074US,Một sản phẩm phù hợp với các bạn sinh viên.,Gaming,18.4,Full HD 1920x1080,Intel Core i7 6920HQ 2.9GHz,32GB,512GB SSD +  1TB HDD,Nvidia GTX 980 SLI,Windows 10,4.4kg,77758179,MSI-9,MSI-9,MSI-9.1.jpg,MSI-9.1.jpg,MSI-9.1.jpg,MSI-9.2.jpg,Bộ sạc + hướng dẫn sử dụng,20,3,Lithium 4 cells
ideapad 120s-14iap-4gb-64gb flash storage,ideapad 120s-14iap-4gb-64gb flash storage,Laptop,simple,base,Yes,Laptop/Lenovo,Lenovo,"Catalog, Search",IdeaPad 120S-14IAP,Một sản phẩm phù hợp với các bạn sinh viên.,Notebook,14,1366x768,Intel Celeron Dual Core N3350 1.1GHz,4GB,64GB Flash Storage,Intel HD Graphics 500,Windows 10,1.44kg,6917394,lenovo-01,lenovo-02,lenovo-01.jpg,lenovo-01.jpg,lenovo-01.jpg,lenovo-02.jpg,Bộ sạc + hướng dẫn sử dụng,20,3,Lithium 4 cells
ideapad 310-15isk-4gb-1tb hdd,ideapad 310-15isk-4gb-1tb hdd,Laptop,simple,base,Yes,Laptop/Lenovo,Lenovo,"Catalog, Search",Ideapad 310-15ISK,Một sản phẩm phù hợp với các bạn sinh viên.,Notebook,15.6,Full HD 1920x1080,Intel Core i3 6006U 2GHz,4GB,1TB HDD,Intel HD Graphics 520,Windows 10,1.85kg,11526212,lenovo-03,lenovo-04,lenovo-03.jpg,lenovo-03.jpg,lenovo-03.jpg,lenovo-04.jpg,Bộ sạc + hướng dẫn sử dụng,20,3,Lithium 4 cells
ideapad 320-15ast-4gb-128gb ssd,ideapad 320-15ast-4gb-128gb ssd,Laptop,simple,base,Yes,Laptop/Lenovo,Lenovo,"Catalog, Search",IdeaPad 320-15AST,Một sản phẩm phù hợp với các bạn sinh viên.,Notebook,15.6,Full HD 1920x1080,AMD A6-Series 9220 2.5GHz,4GB,128GB SSD,AMD R4 Graphics,Windows 10,2.2kg,11084499,lenovo-05,lenovo-06,lenovo-05.jpg,lenovo-05.jpg,lenovo-05.jpg,lenovo-06.jpg,Bộ sạc + hướng dẫn sử dụng,20,3,Lithium 4 cells
ideapad 320-15ikb-8gb-1tb hdd,ideapad 320-15ikb-8gb-1tb hdd,Laptop,simple,base,Yes,Laptop/Lenovo,Lenovo,"Catalog, Search",IdeaPad 320-15IKB,Một sản phẩm phù hợp với các bạn sinh viên.,Notebook,15.6,Full HD 1920x1080,Intel Core i3 7100U 2.4GHz,8GB,1TB HDD,Nvidia GeForce 940MX,No OS,2.2kg,13862569,lenovo-07,lenovo-08,lenovo-07.jpg,lenovo-07.jpg,lenovo-07.jpg,lenovo-08.jpg,Bộ sạc + hướng dẫn sử dụng,20,3,Lithium 4 cells
ideapad 320-15ikbn-8gb-2tb hdd,ideapad 320-15ikbn-8gb-2tb hdd,Laptop,simple,base,Yes,Laptop/Lenovo,Lenovo,"Catalog, Search",IdeaPad 320-15IKBN,Một sản phẩm phù hợp với các bạn sinh viên.,Notebook,15.6,Full HD 1920x1080,Intel Core i5 7200U 2.5GHz,8GB,2TB HDD,Intel HD Graphics 620,No OS,2.2kg,14418183,lenovo-09,lenovo-10,lenovo-09.jpg,lenovo-09.jpg,lenovo-09.jpg,lenovo-10.jpg,Bộ sạc + hướng dẫn sử dụng,20,3,Lithium 4 cells
ideapad 320-15isk-4gb-128gb ssd,ideapad 320-15isk-4gb-128gb ssd,Laptop,simple,base,Yes,Laptop/Lenovo,Lenovo,"Catalog, Search",IdeaPad 320-15ISK,Một sản phẩm phù hợp với các bạn sinh viên.,Notebook,15.6,1366x768,Intel Core i3 6006U 2GHz,4GB,128GB SSD,Intel HD Graphics 520,No OS,2.2kg,10251078,lenovo-11,lenovo-12,lenovo-11.jpg,lenovo-11.jpg,lenovo-11.jpg,lenovo-12.jpg,Bộ sạc + hướng dẫn sử dụng,20,3,Lithium 4 cells
ideapad 520s-14ikb-8gb-256gb ssd,ideapad 520s-14ikb-8gb-256gb ssd,Laptop,simple,base,Yes,Laptop/Lenovo,Lenovo,"Catalog, Search",IdeaPad 520S-14IKB,Một sản phẩm phù hợp với các bạn sinh viên.,Notebook,14,IPS Panel Full HD 1920x1080,Intel Core i3 7130U 2.7GHz,8GB,256GB SSD,Intel HD Graphics 620,No OS,1.7kg,16640639,lenovo-13,lenovo-14,lenovo-13.jpg,lenovo-13.jpg,lenovo-13.jpg,lenovo-14.jpg,Bộ sạc + hướng dẫn sử dụng,20,3,Lithium 4 cells
inspiron 3567-4gb-1tb hdd,inspiron 3567-4gb-1tb hdd,Laptop,simple,base,Yes,Laptop/Dell,Dell,"Catalog, Search",Inspiron 3567,Một sản phẩm phù hợp với các bạn sinh viên.,Notebook,15.6,1366x768,Intel Core i3 6006U 2GHz,4GB,1TB HDD,Intel HD Graphics 520,Windows 10,2.3kg,11630112,dell-01,dell-02,dell-01.jpg,dell-01.jpg,dell-01.jpg,dell-02.jpg,Bộ sạc + hướng dẫn sử dụng,20,3,Lithium 4 cells
inspiron 3567-4gb-256gb ssd,inspiron 3567-4gb-256gb ssd,Laptop,simple,base,Yes,Laptop/Dell,Dell,"Catalog, Search",Inspiron 3567,Một sản phẩm phù hợp với các bạn sinh viên.,Notebook,15.6,Full HD 1920x1080,Intel Core i3 6006U 2GHz,4GB,256GB SSD,AMD Radeon R5 M430,Windows 10,2.2kg,13859791,dell-03,dell-04,dell-03.jpg,dell-03.jpg,dell-03.jpg,dell-04.jpg,Bộ sạc + hướng dẫn sử dụng,20,3,Lithium 4 cells
inspiron 3567-8gb-256gb ssd,inspiron 3567-8gb-256gb ssd,Laptop,simple,base,Yes,Laptop/Dell,Dell,"Catalog, Search",Inspiron 3567,Một sản phẩm phù hợp với các bạn sinh viên.,Notebook,15.6,Full HD 1920x1080,Intel Core i7 7500U 2.7GHz,8GB,256GB SSD,AMD Radeon R5 M430,Windows 10,2.2kg,20696622,dell-05,dell-06,dell-05.jpg,dell-05.jpg,dell-05.jpg,dell-06.jpg,Bộ sạc + hướng dẫn sử dụng,20,3,Lithium 4 cells
inspiron 5379-8gb-256gb ssd,inspiron 5379-8gb-256gb ssd,Laptop,simple,base,Yes,Laptop/Dell,Dell,"Catalog, Search",Inspiron 5379,Một sản phẩm phù hợp với các bạn sinh viên.,2 in 1 Convertible,13.3,Full HD / Touchscreen 1920x1080,Intel Core i5 8250U 1.6GHz,8GB,256GB SSD,Intel UHD Graphics 620,Windows 10,1.62kg,22752393,dell-07,dell-08,dell-07.jpg,dell-07.jpg,dell-07.jpg,dell-08.jpg,Bộ sạc + hướng dẫn sử dụng,20,3,Lithium 4 cells
inspiron 5570-8gb-256gb ssd,inspiron 5570-8gb-256gb ssd,Laptop,simple,base,Yes,Laptop/Dell,Dell,"Catalog, Search",Inspiron 5570,Một sản phẩm phù hợp với các bạn sinh viên.,Notebook,15.6,Full HD 1920x1080,Intel Core i5 8250U 1.6GHz,8GB,256GB SSD,AMD Radeon 530,Windows 10,2.2kg,22224560,dell-09,dell-10,dell-09.jpg,dell-09.jpg,dell-09.jpg,dell-10.jpg,Bộ sạc + hướng dẫn sử dụng,20,3,Lithium 4 cells
inspiron 5770-8gb-128gb ssd +  1tb hdd,inspiron 5770-8gb-128gb ssd +  1tb hdd,Laptop,simple,base,Yes,Laptop/Dell,Dell,"Catalog, Search",Inspiron 5770,Một sản phẩm phù hợp với các bạn sinh viên.,Notebook,17.3,IPS Panel Full HD 1920x1080,Intel Core i5 8250U 1.6GHz,8GB,128GB SSD +  1TB HDD,AMD Radeon 530,Windows 10,2.8kg,27197305,dell-11,dell-12,dell-11.jpg,dell-11.jpg,dell-11.jpg,dell-12.jpg,Bộ sạc + hướng dẫn sử dụng,20,3,Lithium 4 cells
inspiron 7577-16gb-256gb ssd +  1tb hdd,inspiron 7577-16gb-256gb ssd +  1tb hdd,Laptop,simple,base,Yes,Laptop/Dell,Dell,"Catalog, Search",Inspiron 7577,Một sản phẩm phù hợp với các bạn sinh viên.,Gaming,15.6,IPS Panel Full HD 1920x1080,Intel Core i7 7700HQ 2.8GHz,16GB,256GB SSD +  1TB HDD,Nvidia GeForce GTX 1060,Windows 10,2.65kg,41643269,dell-13,dell-14,dell-13.jpg,dell-13.jpg,dell-13.jpg,dell-14.jpg,Bộ sạc + hướng dẫn sử dụng,20,3,Lithium 4 cells
latitude 5590-8gb-256gb ssd +  256gb ssd,latitude 5590-8gb-256gb ssd +  256gb ssd,Laptop,simple,base,Yes,Laptop/Dell,Dell,"Catalog, Search",Latitude 5590,Một sản phẩm phù hợp với các bạn sinh viên.,Ultrabook,15.6,Full HD 1920x1080,Intel Core i7 8650U 1.9GHz,8GB,256GB SSD +  256GB SSD,Intel UHD Graphics 620,Windows 10,1.88kg,36059349,dell-15,dell-16,dell-15.jpg,dell-15.jpg,dell-15.jpg,dell-16.jpg,Bộ sạc + hướng dẫn sử dụng,20,3,Lithium 4 cells
legion y520-15ikbn-8gb-128gb ssd +  1tb hdd,legion y520-15ikbn-8gb-128gb ssd +  1tb hdd,Laptop,simple,base,Yes,Laptop/Lenovo,Lenovo,"Catalog, Search",Legion Y520-15IKBN,Một sản phẩm phù hợp với các bạn sinh viên.,Gaming,15.6,IPS Panel Full HD 1920x1080,Intel Core i5 7300HQ 2.5GHz,8GB,128GB SSD +  1TB HDD,Nvidia GeForce GTX 1050,Windows 10,2.5kg,27752919,lenovo-15,lenovo-16,lenovo-15.jpg,lenovo-15.jpg,lenovo-15.jpg,lenovo-16.jpg,Bộ sạc + hướng dẫn sử dụng,20,3,Lithium 4 cells
"macbook 12""-8gb-256gb ssd","macbook 12""-8gb-256gb ssd",Laptop,simple,base,Yes,Laptop/Apple,Apple,"Catalog, Search","MacBook 12""",Một sản phẩm phù hợp với các bạn sinh viên.,Ultrabook,12,IPS Panel Retina Display 2304x1440,Intel Core M m3 1.2GHz,8GB,256GB SSD,Intel HD Graphics 615,macOS,0.92kg,35070356,macbook-01,macbook-02,macbook-01.jpg,macbook-01.jpg,macbook-01.jpg,macbook-02.jpg,Bộ sạc + hướng dẫn sử dụng,20,3,Lithium 4 cells
macbook air-8gb-128gb flash storage1,macbook air-8gb-128gb flash storage1,Laptop,simple,base,Yes,Laptop/Apple,Apple,"Catalog, Search",Macbook Air,Một sản phẩm phù hợp với các bạn sinh viên.,Ultrabook,13.3,1440x900,Intel Core i5 1.8GHz,8GB,128GB Flash Storage,Intel HD Graphics 6000,macOS,1.34kg,24973182,macbook-03,macbook-04,macbook-03.jpg,macbook-03.jpg,macbook-03.jpg,macbook-04.jpg,Bộ sạc + hướng dẫn sử dụng,20,3,Lithium 4 cells
macbook air-8gb-128gb flash storage2,macbook air-8gb-128gb flash storage2,Laptop,simple,base,Yes,Laptop/Apple,Apple,"Catalog, Search",MacBook Air,Một sản phẩm phù hợp với các bạn sinh viên.,Ultrabook,13.3,1440x900,Intel Core i5 1.6GHz,8GB,128GB Flash Storage,Intel HD Graphics 6000,Mac OS X,1.35kg,30530989,macbook-05,macbook-06,macbook-05.jpg,macbook-05.jpg,macbook-05.jpg,macbook-06.jpg,Bộ sạc + hướng dẫn sử dụng,20,3,Lithium 4 cells
macbook air-8gb-256gb flash storage,macbook air-8gb-256gb flash storage,Laptop,simple,base,Yes,Laptop/Apple,Apple,"Catalog, Search",Macbook Air,Một sản phẩm phù hợp với các bạn sinh viên.,Ultrabook,13.3,1440x900,Intel Core i5 1.8GHz,8GB,256GB Flash Storage,Intel HD Graphics 6000,macOS,1.34kg,32189497,macbook-07,macbook-08,macbook-07.jpg,macbook-07.jpg,macbook-07.jpg,macbook-08.jpg,Bộ sạc + hướng dẫn sử dụng,20,3,Lithium 4 cells
macbook air-8gb-256gb flash storage3,macbook air-8gb-256gb flash storage3,Laptop,simple,base,Yes,Laptop/Apple,Apple,"Catalog, Search",MacBook Air,Một sản phẩm phù hợp với các bạn sinh viên.,Ultrabook,13.3,1440x900,Intel Core i5 1.6GHz,8GB,256GB Flash Storage,Intel HD Graphics 6000,Mac OS X,1.35kg,27725139,macbook-09,macbook-10,macbook-09.jpg,macbook-09.jpg,macbook-09.jpg,macbook-10.jpg,Bộ sạc + hướng dẫn sử dụng,20,3,Lithium 4 cells
macbook pro-16gb-256gb flash storage,macbook pro-16gb-256gb flash storage,Laptop,simple,base,Yes,Laptop/Apple,Apple,"Catalog, Search",MacBook Pro,Một sản phẩm phù hợp với các bạn sinh viên.,Ultrabook,15.4,IPS Panel Retina Display 2880x1800,Intel Core i7 2.2GHz,16GB,256GB Flash Storage,Intel Iris Pro Graphics,Mac OS X,2.04kg,59449865,macbook-11,macbook-12,macbook-11.jpg,macbook-11.jpg,macbook-11.jpg,macbook-12.jpg,Bộ sạc + hướng dẫn sử dụng,20,3,Lithium 4 cells
macbook pro-16gb-256gb ssd,macbook pro-16gb-256gb ssd,Laptop,simple,base,Yes,Laptop/Apple,Apple,"Catalog, Search",MacBook Pro,Một sản phẩm phù hợp với các bạn sinh viên.,Ultrabook,15.4,IPS Panel Retina Display 2880x1800,Intel Core i7 2.8GHz,16GB,256GB SSD,AMD Radeon Pro 555,macOS,1.83kg,67784075,macbook-13,macbook-14,macbook-13.jpg,macbook-13.jpg,macbook-13.jpg,macbook-14.jpg,Bộ sạc + hướng dẫn sử dụng,20,3,Lithium 4 cells
macbook pro-16gb-512gb ssd1,macbook pro-16gb-512gb ssd1,Laptop,simple,base,Yes,Laptop/Apple,Apple,"Catalog, Search",MacBook Pro,Một sản phẩm phù hợp với các bạn sinh viên.,Ultrabook,15.4,IPS Panel Retina Display 2880x1800,Intel Core i7 2.7GHz,16GB,512GB SSD,AMD Radeon Pro 455,macOS,1.83kg,70492137,macbook-15,macbook-16,macbook-15.jpg,macbook-15.jpg,macbook-15.jpg,macbook-16.jpg,Bộ sạc + hướng dẫn sử dụng,20,3,Lithium 4 cells
macbook pro-16gb-512gb ssd,macbook pro-16gb-512gb ssd,Laptop,simple,base,Yes,Laptop/Apple,Apple,"Catalog, Search",MacBook Pro,Một sản phẩm phù hợp với các bạn sinh viên.,Ultrabook,15.4,IPS Panel Retina Display 2880x1800,Intel Core i7 2.9GHz,16GB,512GB SSD,AMD Radeon Pro 560,macOS,1.83kg,79397241,macbook-17,macbook-18,macbook-17.jpg,macbook-17.jpg,macbook-17.jpg,macbook-18.jpg,Bộ sạc + hướng dẫn sử dụng,20,3,Lithium 4 cells
macbook pro-8gb-128gb ssd,macbook pro-8gb-128gb ssd,Laptop,simple,base,Yes,Laptop/Apple,Apple,"Catalog, Search",MacBook Pro,Một sản phẩm phù hợp với các bạn sinh viên.,Ultrabook,13.3,IPS Panel Retina Display 2560x1600,Intel Core i5 2.3GHz,8GB,128GB SSD,Intel Iris Plus Graphics 640,macOS,1.37kg,37217526,macbook-19,macbook-20,macbook-19.jpg,macbook-19.jpg,macbook-19.jpg,macbook-20.jpg,Bộ sạc + hướng dẫn sử dụng,20,3,Lithium 4 cells
macbook pro-8gb-256gb ssd1,macbook pro-8gb-256gb ssd1,Laptop,simple,base,Yes,Laptop/Apple,Apple,"Catalog, Search",MacBook Pro,Một sản phẩm phù hợp với các bạn sinh viên.,Ultrabook,13.3,IPS Panel Retina Display 2560x1600,Intel Core i5 3.1GHz,8GB,256GB SSD,Intel Iris Plus Graphics 650,macOS,1.37kg,50105271,macbook-21,macbook-22,macbook-21.jpg,macbook-21.jpg,macbook-21.jpg,macbook-22.jpg,Bộ sạc + hướng dẫn sử dụng,20,3,Lithium 4 cells
macbook pro-8gb-256gb ssd,macbook pro-8gb-256gb ssd,Laptop,simple,base,Yes,Laptop/Apple,Apple,"Catalog, Search",MacBook Pro,Một sản phẩm phù hợp với các bạn sinh viên.,Ultrabook,13.3,IPS Panel Retina Display 2560x1600,Intel Core i5 2.3GHz,8GB,256GB SSD,Intel Iris Plus Graphics 640,macOS,1.37kg,42186382,macbook-23,macbook-24,macbook-23.jpg,macbook-23.jpg,macbook-23.jpg,macbook-24.jpg,Bộ sạc + hướng dẫn sử dụng,20,3,Lithium 4 cells
notebook 9-16gb-256gb ssd1,notebook 9-16gb-256gb ssd1,Laptop,simple,base,Yes,Laptop/Samsung,Samsung,"Catalog, Search",Notebook 9,Một sản phẩm phù hợp với các bạn sinh viên.,Ultrabook,13.3,Full HD 1920x1080,Intel Core i7 7500U 2.7GHz,16GB,256GB SSD,Intel HD Graphics 620,Windows 10,0.81kg,45810374,SAMSUNG-4,SAMSUNG-4,SAMSUNG-4.1.jpg,SAMSUNG-4.1.jpg,SAMSUNG-4.1.jpg,SAMSUNG-4.2.jpg,Bộ sạc + hướng dẫn sử dụng,20,3,Lithium 4 cells
notebook 9-16gb-256gb ssd2,notebook 9-16gb-256gb ssd2,Laptop,simple,base,Yes,Laptop/Samsung,Samsung,"Catalog, Search",Notebook 9,Một sản phẩm phù hợp với các bạn sinh viên.,2 in 1 Convertible,15,Full HD / Touchscreen 1920x1080,Intel Core i7 7500U 2.7GHz,16GB,256GB SSD,AMD Radeon 540,Windows 10,1.71kg,49977479,SAMSUNG-5,SAMSUNG-5,SAMSUNG-5.1.jpg,SAMSUNG-5.1.jpg,SAMSUNG-5.1.jpg,SAMSUNG-5.2.jpg,Bộ sạc + hướng dẫn sử dụng,20,3,Lithium 4 cells
notebook 9-16gb-256gb ssd,notebook 9-16gb-256gb ssd,Laptop,simple,base,Yes,Laptop/Samsung,Samsung,"Catalog, Search",Notebook 9,Một sản phẩm phù hợp với các bạn sinh viên.,Ultrabook,15,Full HD 1920x1080,Intel Core i7 7500U 2.7GHz,16GB,256GB SSD,Nvidia GeForce 940MX,Windows 10,1.23kg,51366514,SAMSUNG-6,SAMSUNG-6,SAMSUNG-6.1.jpg,SAMSUNG-6.1.jpg,SAMSUNG-6.1.jpg,SAMSUNG-6.2.jpg,Bộ sạc + hướng dẫn sử dụng,20,3,Lithium 4 cells
notebook 9-8gb-256gb ssd1,notebook 9-8gb-256gb ssd1,Laptop,simple,base,Yes,Laptop/Samsung,Samsung,"Catalog, Search",Notebook 9,Một sản phẩm phù hợp với các bạn sinh viên.,Ultrabook,13.3,Full HD / Touchscreen 1920x1080,Intel Core i7 7500U 2.7GHz,8GB,256GB SSD,Intel HD Graphics 620,Windows 10,1.31kg,44421339,SAMSUNG-7,SAMSUNG-7,SAMSUNG-7.1.jpg,SAMSUNG-7.1.jpg,SAMSUNG-7.1.jpg,SAMSUNG-7.2.jpg,Bộ sạc + hướng dẫn sử dụng,20,3,Lithium 4 cells
notebook 9-8gb-256gb ssd2,notebook 9-8gb-256gb ssd2,Laptop,simple,base,Yes,Laptop/Samsung,Samsung,"Catalog, Search",Notebook 9,Một sản phẩm phù hợp với các bạn sinh viên.,Ultrabook,13.3,Full HD 1920x1080,Intel Core i5 7200U 2.5GHz,8GB,256GB SSD,Intel HD Graphics 620,Windows 10,0.81kg,41643269,SAMSUNG-8,SAMSUNG-8,SAMSUNG-8.1.jpg,SAMSUNG-8.1.jpg,SAMSUNG-8.1.jpg,SAMSUNG-8.2.jpg,Bộ sạc + hướng dẫn sử dụng,20,3,Lithium 4 cells
notebook 9-8gb-256gb ssd,notebook 9-8gb-256gb ssd,Laptop,simple,base,Yes,Laptop/Samsung,Samsung,"Catalog, Search",Notebook 9,Một sản phẩm phù hợp với các bạn sinh viên.,Ultrabook,15,Full HD 1920x1080,Intel Core i7 7500U 2.7GHz,8GB,256GB SSD,Intel HD Graphics 620,Windows 10,1.17kg,47199409,SAMSUNG-9,SAMSUNG-9,SAMSUNG-9.1.jpg,SAMSUNG-9.1.jpg,SAMSUNG-9.1.jpg,SAMSUNG-9.2.jpg,Bộ sạc + hướng dẫn sử dụng,20,3,Lithium 4 cells
notebook odyssey-16gb-128gb ssd +  1tb hdd,notebook odyssey-16gb-128gb ssd +  1tb hdd,Laptop,simple,base,Yes,Laptop/Samsung,Samsung,"Catalog, Search",Notebook Odyssey,Một sản phẩm phù hợp với các bạn sinh viên.,Notebook,15.6,Full HD 1920x1080,Intel Core i7 7700HQ 2.8GHz,16GB,128GB SSD +  1TB HDD,Nvidia GeForce GTX 1050,Windows 10,2.5kg,47199409,SAMSUNG-10,SAMSUNG-10,SAMSUNG-10.1.jpg,SAMSUNG-10.1.jpg,SAMSUNG-10.1.jpg,SAMSUNG-10.2.jpg,Bộ sạc + hướng dẫn sử dụng,20,3,Lithium 4 cells
portege x30-d-10j-8gb-256gb ssd,portege x30-d-10j-8gb-256gb ssd,Laptop,simple,base,Yes,Laptop/Toshiba,Toshiba,"Catalog, Search",Portege X30-D-10J,Một sản phẩm phù hợp với các bạn sinh viên.,Notebook,13.3,IPS Panel Full HD 1920x1080,Intel Core i5 7200U 2.5GHz,8GB,256GB SSD,Intel HD Graphics 620,Windows 10,1.05kg,46449330,TOSHIBA-1,TOSHIBA-1,TOSHIBA-1.1.jpg,TOSHIBA-1.1.jpg,TOSHIBA-1.1.jpg,TOSHIBA-1.2.jpg,Bộ sạc + hướng dẫn sử dụng,20,3,Lithium 4 cells
portege x30-d-10l-32gb-512gb ssd,portege x30-d-10l-32gb-512gb ssd,Laptop,simple,base,Yes,Laptop/Toshiba,Toshiba,"Catalog, Search",Portege X30-D-10L,Một sản phẩm phù hợp với các bạn sinh viên.,Ultrabook,13.3,Full HD / Touchscreen 1920x1080,Intel Core i7 7500U 2.7GHz,32GB,512GB SSD,Intel HD Graphics 620,Windows 10,1.05kg,77758179,TOSHIBA-2,TOSHIBA-2,TOSHIBA-2.1.jpg,TOSHIBA-2.1.jpg,TOSHIBA-2.1.jpg,TOSHIBA-2.2.jpg,Bộ sạc + hướng dẫn sử dụng,20,3,Lithium 4 cells
portege z30-c-16l-8gb-256gb ssd,portege z30-c-16l-8gb-256gb ssd,Laptop,simple,base,Yes,Laptop/Toshiba,Toshiba,"Catalog, Search",Portege Z30-C-16L,Một sản phẩm phù hợp với các bạn sinh viên.,Ultrabook,13.3,Full HD 1920x1080,Intel Core i7 6500U 2.5GHz,8GB,256GB SSD,Intel HD Graphics 520,Windows 10,1.2kg,37865094,TOSHIBA-3,TOSHIBA-3,TOSHIBA-3.1.jpg,TOSHIBA-3.1.jpg,TOSHIBA-3.1.jpg,TOSHIBA-3.2.jpg,Bộ sạc + hướng dẫn sử dụng,20,3,Lithium 4 cells
portege z30-c-16p-16gb-512gb ssd,portege z30-c-16p-16gb-512gb ssd,Laptop,simple,base,Yes,Laptop/Toshiba,Toshiba,"Catalog, Search",Portege Z30-C-16P,Một sản phẩm phù hợp với các bạn sinh viên.,Ultrabook,13.3,Full HD 1920x1080,Intel Core i7 6500U 2.5GHz,16GB,512GB SSD,Intel HD Graphics 520,Windows 10,1.2kg,48532883,TOSHIBA-4,TOSHIBA-4,TOSHIBA-4.1.jpg,TOSHIBA-4.1.jpg,TOSHIBA-4.1.jpg,TOSHIBA-4.2.jpg,Bộ sạc + hướng dẫn sử dụng,20,3,Lithium 4 cells
probook 450-8gb-256gb ssd,probook 450-8gb-256gb ssd,Laptop,simple,base,Yes,Laptop/HP,HP,"Catalog, Search",ProBook 450,Một sản phẩm phù hợp với các bạn sinh viên.,Notebook,15.6,Full HD 1920x1080,Intel Core i5 8250U 1.6GHz,8GB,256GB SSD,Nvidia GeForce 930MX,Windows 10,2.1kg,24419235,hp-17,hp-18,hp-17.jpg,hp-17.jpg,hp-17.jpg,hp-18.jpg,Bộ sạc + hướng dẫn sử dụng,20,3,Lithium 4 cells
probook 470-8gb-1tb hdd,probook 470-8gb-1tb hdd,Laptop,simple,base,Yes,Laptop/HP,HP,"Catalog, Search",ProBook 470,Một sản phẩm phù hợp với các bạn sinh viên.,Notebook,17.3,Full HD 1920x1080,Intel Core i5 8250U 1.6GHz,8GB,1TB HDD,Nvidia GeForce 930MX,Windows 10,2.5kg,24891507,hp-19,hp-20,hp-19.jpg,hp-19.jpg,hp-19.jpg,hp-20.jpg,Bộ sạc + hướng dẫn sử dụng,20,3,Lithium 4 cells
rog strix,rog strix,Laptop,simple,base,Yes,Laptop/Asus,Asus,"Catalog, Search",Rog Strix,Một sản phẩm phù hợp với các bạn sinh viên.,Gaming,17.3,Full HD 1920x1080,AMD Ryzen 1700 3GHz,8GB,256GB SSD +  1TB HDD,AMD Radeon RX 580,Windows 10,3.2kg,36087129,asus-03,asus-04,asus-03.jpg,asus-03.jpg,asus-03.jpg,asus-04.jpg,Bộ sạc + hướng dẫn sử dụng,20,3,Lithium 4 cells
satellite pro-4gb-500gb hdd1,satellite pro-4gb-500gb hdd1,Laptop,simple,base,Yes,Laptop/Toshiba,Toshiba,"Catalog, Search",Satellite Pro,Một sản phẩm phù hợp với các bạn sinh viên.,Notebook,15.6,1366x768,Intel Core i5 6200U 2.3GHz,4GB,500GB HDD,Intel HD Graphics 520,Windows 10,2.1kg,16723981,TOSHIBA-5,TOSHIBA-5,TOSHIBA-5.1.jpg,TOSHIBA-5.1.jpg,TOSHIBA-5.1.jpg,TOSHIBA-5.2.jpg,Bộ sạc + hướng dẫn sử dụng,20,3,Lithium 4 cells
satellite pro-4gb-500gb hdd2,satellite pro-4gb-500gb hdd2,Laptop,simple,base,Yes,Laptop/Toshiba,Toshiba,"Catalog, Search",Satellite Pro,Một sản phẩm phù hợp với các bạn sinh viên.,Notebook,15.6,1366x768,Intel Core i3 6006U 2.2GHz,4GB,500GB HDD,Intel HD Graphics 520,Windows 10,2.1kg,12417973,TOSHIBA-6,TOSHIBA-6,TOSHIBA-6.1.jpg,TOSHIBA-6.1.jpg,TOSHIBA-6.1.jpg,TOSHIBA-6.2.jpg,Bộ sạc + hướng dẫn sử dụng,20,3,Lithium 4 cells
satellite pro-4gb-500gb hdd,satellite pro-4gb-500gb hdd,Laptop,simple,base,Yes,Laptop/Toshiba,Toshiba,"Catalog, Search",Satellite Pro,Một sản phẩm phù hợp với các bạn sinh viên.,Notebook,15.6,1366x768,Intel Core i3 7100U 2.4GHz,4GB,500GB HDD,Intel HD Graphics 620,Windows 10,2kg,13584762,TOSHIBA-7,TOSHIBA-7,TOSHIBA-7.1.jpg,TOSHIBA-7.1.jpg,TOSHIBA-7.1.jpg,TOSHIBA-7.2.jpg,Bộ sạc + hướng dẫn sử dụng,20,3,Lithium 4 cells
satellite pro-8gb-128gb ssd,satellite pro-8gb-128gb ssd,Laptop,simple,base,Yes,Laptop/Toshiba,Toshiba,"Catalog, Search",Satellite Pro,Một sản phẩm phù hợp với các bạn sinh viên.,Notebook,15.6,1366x768,Intel Core i5 7200U 2.5GHz,8GB,128GB SSD,Intel HD Graphics 620,Windows 10,2.0kg,22030095,TOSHIBA-8,TOSHIBA-8,TOSHIBA-8.1.jpg,TOSHIBA-8.1.jpg,TOSHIBA-8.1.jpg,TOSHIBA-8.2.jpg,Bộ sạc + hướng dẫn sử dụng,20,3,Lithium 4 cells
satellite pro-8gb-256gb ssd1,satellite pro-8gb-256gb ssd1,Laptop,simple,base,Yes,Laptop/Toshiba,Toshiba,"Catalog, Search",Satellite Pro,Một sản phẩm phù hợp với các bạn sinh viên.,Notebook,15.6,IPS Panel Full HD 1920x1080,Intel Core i7 6500U 2.5GHz,8GB,256GB SSD,Nvidia GeForce 930M,Windows 10,2.2kg,28975270,TOSHIBA-9,TOSHIBA-9,TOSHIBA-9.1.jpg,TOSHIBA-9.1.jpg,TOSHIBA-9.1.jpg,TOSHIBA-9.2.jpg,Bộ sạc + hướng dẫn sử dụng,20,3,Lithium 4 cells
satellite pro-8gb-256gb ssd,satellite pro-8gb-256gb ssd,Laptop,simple,base,Yes,Laptop/Toshiba,Toshiba,"Catalog, Search",Satellite Pro,Một sản phẩm phù hợp với các bạn sinh viên.,Notebook,15.6,IPS Panel Full HD 1920x1080,Intel Core i5 7200U 2.5GHz,8GB,256GB SSD,Intel HD Graphics 620,Windows 10,2.0kg,26197200,TOSHIBA-10,TOSHIBA-10,TOSHIBA-10.1.jpg,TOSHIBA-10.1.jpg,TOSHIBA-10.1.jpg,TOSHIBA-10.2.jpg,Bộ sạc + hướng dẫn sử dụng,20,3,Lithium 4 cells
satellite pro-8gb-500gb hdd,satellite pro-8gb-500gb hdd,Laptop,simple,base,Yes,Laptop/Toshiba,Toshiba,"Catalog, Search",Satellite Pro,Một sản phẩm phù hợp với các bạn sinh viên.,Notebook,15.6,1366x768,Intel Core i7 6500U 2.5GHz,8GB,500GB HDD,Nvidia GeForce 930M,Windows 10,2.2kg,22557928,TOSHIBA-11,TOSHIBA-11,TOSHIBA-11.1.jpg,TOSHIBA-11.1.jpg,TOSHIBA-11.1.jpg,TOSHIBA-11.2.jpg,Bộ sạc + hướng dẫn sử dụng,20,3,Lithium 4 cells
surface laptop-16gb-512gb ssd,surface laptop-16gb-512gb ssd,Laptop,simple,base,Yes,Laptop/Microsoft,Microsoft,"Catalog, Search",Surface Laptop,Một sản phẩm phù hợp với các bạn sinh viên.,Ultrabook,13.5,Touchscreen 2256x1504,Intel Core i7 7660U 2.5GHz,16GB,512GB SSD,Intel Iris Plus Graphics 640,Windows 10 S,1.25kg,71924232,MICROSOFT-1,MICROSOFT-1,MICROSOFT-1.1.jpg,MICROSOFT-1.1.jpg,MICROSOFT-1.1.jpg,MICROSOFT-1.2.jpg,Bộ sạc + hướng dẫn sử dụng,20,3,Lithium 4 cells
surface laptop-4gb-128gb ssd1,surface laptop-4gb-128gb ssd1,Laptop,simple,base,Yes,Laptop/Microsoft,Microsoft,"Catalog, Search",Surface Laptop,Một sản phẩm phù hợp với các bạn sinh viên.,Ultrabook,13.5,Touchscreen 2256x1504,Intel Core i5 7200U 2.5GHz,4GB,128GB SSD,Intel HD Graphics 620,Windows 10 S,1.252kg,30253182,MICROSOFT-2,MICROSOFT-2,MICROSOFT-2.1.jpg,MICROSOFT-2.1.jpg,MICROSOFT-2.1.jpg,MICROSOFT-2.2.jpg,Bộ sạc + hướng dẫn sử dụng,20,3,Lithium 4 cells
surface laptop-4gb-128gb ssd,surface laptop-4gb-128gb ssd,Laptop,simple,base,Yes,Laptop/Microsoft,Microsoft,"Catalog, Search",Surface Laptop,Một sản phẩm phù hợp với các bạn sinh viên.,Ultrabook,13.5,Touchscreen 2256x1504,Intel Core M m3-7Y30 2.2GHz,4GB,128GB SSD,Intel HD Graphics 615,Windows 10 S,1.252kg,27475112,MICROSOFT-3,MICROSOFT-3,MICROSOFT-3.1.jpg,MICROSOFT-3.1.jpg,MICROSOFT-3.1.jpg,MICROSOFT-3.2.jpg,Bộ sạc + hướng dẫn sử dụng,20,3,Lithium 4 cells
surface laptop-8gb-256gb ssd2,surface laptop-8gb-256gb ssd2,Laptop,simple,base,Yes,Laptop/Microsoft,Microsoft,"Catalog, Search",Surface Laptop,Một sản phẩm phù hợp với các bạn sinh viên.,Ultrabook,13.5,Touchscreen 2256x1504,Intel Core i5 7200U 2.5GHz,8GB,256GB SSD,Intel HD Graphics 620,Windows 10 S,1.252kg,37226138,MICROSOFT-4,MICROSOFT-4,MICROSOFT-4.1.jpg,MICROSOFT-4.1.jpg,MICROSOFT-4.1.jpg,MICROSOFT-4.2.jpg,Bộ sạc + hướng dẫn sử dụng,20,3,Lithium 4 cells
surface laptop-8gb-256gb ssd3,surface laptop-8gb-256gb ssd3,Laptop,simple,base,Yes,Laptop/Microsoft,Microsoft,"Catalog, Search",Surface Laptop,Một sản phẩm phù hợp với các bạn sinh viên.,Ultrabook,13.5,Touchscreen 2256x1504,Intel Core i7 7660U 2.5GHz,8GB,256GB SSD,Intel Iris Plus Graphics 640,Windows 10 S,1.25kg,49977479,MICROSOFT-5,MICROSOFT-5,MICROSOFT-5.1.jpg,MICROSOFT-5.1.jpg,MICROSOFT-5.1.jpg,MICROSOFT-5.2.jpg,Bộ sạc + hướng dẫn sử dụng,20,3,Lithium 4 cells
surface laptop-8gb-256gb ssd,surface laptop-8gb-256gb ssd,Laptop,simple,base,Yes,Laptop/Microsoft,Microsoft,"Catalog, Search",Surface Laptop,Một sản phẩm phù hợp với các bạn sinh viên.,Ultrabook,13.5,Touchscreen 2256x1504,Intel Core i7 7600U 2.8GHz,8GB,256GB SSD,Intel Iris Plus Graphics 640,Windows 10 S,1.252kg,51890180,MICROSOFT-6,MICROSOFT-6,MICROSOFT-6.1.jpg,MICROSOFT-6.1.jpg,MICROSOFT-6.1.jpg,MICROSOFT-6.2.jpg,Bộ sạc + hướng dẫn sử dụng,20,3,Lithium 4 cells
swift 3-8gb-256gb ssd,swift 3-8gb-256gb ssd,Laptop,simple,base,Yes,Laptop/Acer,Acer,"Catalog, Search",Swift 3,Một sản phẩm phù hợp với các bạn sinh viên.,Ultrabook,14,IPS Panel Full HD 1920x1080,Intel Core i5 8250U 1.6GHz,8GB,256GB SSD,Intel UHD Graphics 620,Windows 10,1.6kg,21391139,acer-17,acer-18,acer-17.jpg,acer-17.jpg,acer-17.jpg,acer-18.jpg,Bộ sạc + hướng dẫn sử dụng,20,3,Lithium 4 cells
tecra a50-c-21g-16gb-512gb ssd,tecra a50-c-21g-16gb-512gb ssd,Laptop,simple,base,Yes,Laptop/Toshiba,Toshiba,"Catalog, Search",Tecra A50-C-21G,Một sản phẩm phù hợp với các bạn sinh viên.,Notebook,15.6,IPS Panel Full HD 1920x1080,Intel Core i7 6500U 2.5GHz,16GB,512GB SSD,Nvidia GeForce 930M,Windows 10,2.4kg,38976322,TOSHIBA-12,TOSHIBA-12,TOSHIBA-12.1.jpg,TOSHIBA-12.1.jpg,TOSHIBA-12.1.jpg,TOSHIBA-12.2.jpg,Bộ sạc + hướng dẫn sử dụng,20,3,Lithium 4 cells
ux410ua-gv350t (i5-8250u/8gb/256gb/fhd/w10),ux410ua-gv350t (i5-8250u/8gb/256gb/fhd/w10),Laptop,simple,base,Yes,Laptop/Asus,Asus,"Catalog, Search",UX410UA-GV350T (i5-8250U/8GB/256GB/FHD/W10),Một sản phẩm phù hợp với các bạn sinh viên.,Notebook,14,Full HD 1920x1080,Intel Core i5 8250U 1.6GHz,8GB,256GB SSD,Intel UHD Graphics 620,Windows 10,1.4kg,26141639,asus-05,asus-06,asus-05.jpg,asus-05.jpg,asus-05.jpg,asus-06.jpg,Bộ sạc + hướng dẫn sử dụng,20,3,Lithium 4 cells
v310-15isk (i5-7200u/4gb/1tb/fhd/w10)-4gb-1tb hdd,v310-15isk (i5-7200u/4gb/1tb/fhd/w10)-4gb-1tb hdd,Laptop,simple,base,Yes,Laptop/Lenovo,Lenovo,"Catalog, Search",V310-15ISK (i5-7200U/4GB/1TB/FHD/W10),Một sản phẩm phù hợp với các bạn sinh viên.,Notebook,15.6,Full HD 1920x1080,Intel Core i5 7200U 2.5GHz,4GB,1TB HDD,Intel HD Graphics 620,Windows 10,1.9kg,15251604,lenovo-17,lenovo-18,lenovo-17.jpg,lenovo-17.jpg,lenovo-17.jpg,lenovo-18.jpg,Bộ sạc + hướng dẫn sử dụng,20,3,Lithium 4 cells
vivobook e200ha,vivobook e200ha,Laptop,simple,base,Yes,Laptop/Asus,Asus,"Catalog, Search",Vivobook E200HA,Một sản phẩm phù hợp với các bạn sinh viên.,Notebook,11.6,1366x768,Intel Atom x5-Z8350 1.44GHz,2GB,32GB Flash Storage,Intel HD Graphics 400,Windows 10,0.98kg,5331116,asus-07,asus-08,asus-07.jpg,asus-07.jpg,asus-07.jpg,asus-08.jpg,Bộ sạc + hướng dẫn sử dụng,20,3,Lithium 4 cells
vivobook max,vivobook max,Laptop,simple,base,Yes,Laptop/Asus,Asus,"Catalog, Search",VivoBook Max,Một sản phẩm phù hợp với các bạn sinh viên.,Notebook,15.6,1366x768,Intel Core i5 7200U 2.5GHz,4GB,256GB SSD,Intel HD Graphics 620,Windows 10,2kg,16284769,asus-09,asus-10,asus-09.jpg,asus-09.jpg,asus-09.jpg,asus-10.jpg,Bộ sạc + hướng dẫn sử dụng,20,3,Lithium 4 cells
x540ua-dm186 (i3-6006u/4gb/1tb/fhd/linux),x540ua-dm186 (i3-6006u/4gb/1tb/fhd/linux),Laptop,simple,base,Yes,Laptop/Asus,Asus,"Catalog, Search",X540UA-DM186 (i3-6006U/4GB/1TB/FHD/Linux),Một sản phẩm phù hợp với các bạn sinh viên.,Notebook,15.6,Full HD 1920x1080,Intel Core i3 6006U 2GHz,4GB,1TB HDD,Intel HD Graphics 620,Linux,2kg,10806692,asus-11,asus-12,asus-11.jpg,asus-11.jpg,asus-11.jpg,asus-12.jpg,Bộ sạc + hướng dẫn sử dụng,20,3,Lithium 4 cells
x541ua-dm1897 (i3-6006u/4gb/256gb/fhd/linux),x541ua-dm1897 (i3-6006u/4gb/256gb/fhd/linux),Laptop,simple,base,Yes,Laptop/Asus,Asus,"Catalog, Search",X541UA-DM1897 (i3-6006U/4GB/256GB/FHD/Linux),Một sản phẩm phù hợp với các bạn sinh viên.,Notebook,15.6,Full HD 1920x1080,Intel Core i3 6006U 2GHz,4GB,256GB SSD,Intel HD Graphics 520,Linux,2kg,11528991,asus-13,asus-14,asus-13.jpg,asus-13.jpg,asus-13.jpg,asus-14.jpg,Bộ sạc + hướng dẫn sử dụng,20,3,Lithium 4 cells
x542uq-go005 (i5-7200u/8gb/1tb/geforce,x542uq-go005 (i5-7200u/8gb/1tb/geforce,Laptop,simple,base,Yes,Laptop/Asus,Asus,"Catalog, Search",X542UQ-GO005 (i5-7200U/8GB/1TB/GeForce,Một sản phẩm phù hợp với các bạn sinh viên.,Notebook,15.6,1366x768,Intel Core i5 7200U 2.5GHz,8GB,1TB HDD,Nvidia GeForce 940MX,Linux,2.3kg,14529028,asus-15,asus-16,asus-15.jpg,asus-15.jpg,asus-15.jpg,asus-16.jpg,Bộ sạc + hướng dẫn sử dụng,20,3,Lithium 4 cells
x751nv-ty001t (n4200/4gb/1tb/geforce,x751nv-ty001t (n4200/4gb/1tb/geforce,Laptop,simple,base,Yes,Laptop/Asus,Asus,"Catalog, Search",X751NV-TY001T (N4200/4GB/1TB/GeForce,Một sản phẩm phù hợp với các bạn sinh viên.,Notebook,17.3,1366x768,Intel Pentium Quad Core N4200 1.1GHz,4GB,1TB HDD,Nvidia GeForce 920MX,Windows 10,2.8kg,12945806,asus-17,asus-18,asus-17.jpg,asus-17.jpg,asus-17.jpg,asus-18.jpg,Bộ sạc + hướng dẫn sử dụng,20,3,Lithium 4 cells
xps 13-16gb-512gb ssd,xps 13-16gb-512gb ssd,Laptop,simple,base,Yes,Laptop/Dell,Dell,"Catalog, Search",XPS 13,Một sản phẩm phù hợp với các bạn sinh viên.,Ultrabook,13.3,Touchscreen / Quad HD+ 3200x1800,Intel Core i7 8550U 1.8GHz,16GB,512GB SSD,Intel UHD Graphics 620,Windows 10,1.2kg,51922128,dell-17,dell-18,dell-17.jpg,dell-17.jpg,dell-17.jpg,dell-18.jpg,Bộ sạc + hướng dẫn sử dụng,20,3,Lithium 4 cells
xps 13-8gb-128gb ssd,xps 13-8gb-128gb ssd,Laptop,simple,base,Yes,Laptop/Dell,Dell,"Catalog, Search",XPS 13,Một sản phẩm phù hợp với các bạn sinh viên.,Ultrabook,13.3,IPS Panel Full HD / Touchscreen 1920x1080,Intel Core i5 8250U 1.6GHz,8GB,128GB SSD,Intel UHD Graphics 620,Windows 10,1.22kg,27197305,dell-19,dell-20,dell-19.jpg,dell-19.jpg,dell-19.jpg,dell-20.jpg,Bộ sạc + hướng dẫn sử dụng,20,3,Lithium 4 cells
yoga book-4gb-64gb flash storage,yoga book-4gb-64gb flash storage,Laptop,simple,base,Yes,Laptop/Lenovo,Lenovo,"Catalog, Search",Yoga Book,Một sản phẩm phù hợp với các bạn sinh viên.,2 in 1 Convertible,10.1,IPS Panel Touchscreen 1920x1200,Intel Atom x5-Z8550 1.44GHz,4GB,64GB Flash Storage,Intel HD Graphics 400,Android,0.69kg,8862043,lenovo-19,lenovo-20,lenovo-19.jpg,lenovo-19.jpg,lenovo-19.jpg,lenovo-20.jpg,Bộ sạc + hướng dẫn sử dụng,20,3,Lithium 4 cells
zenbook ux430un,zenbook ux430un,Laptop,simple,base,Yes,Laptop/Asus,Asus,"Catalog, Search",ZenBook UX430UN,Một sản phẩm phù hợp với các bạn sinh viên.,Ultrabook,14,Full HD 1920x1080,Intel Core i7 8550U 1.8GHz,16GB,512GB SSD,Nvidia GeForce MX150,Windows 10,1.3kg,41532147,asus-19,asus-20,asus-19.jpg,asus-19.jpg,asus-19.jpg,asus-20.jpg,Bộ sạc + hướng dẫn sử dụng,20,3,Lithium 4 cells