sku,attribute_set_code,product_type,categories,vendor,visibility,name,description,productype,screen,screen_resolution,cpu,ram,memory,vga,os,weightkg,price,base_image,small_image,thumbnail_image,additional_image,accessories,qty,max_cart_qty
ZenBook UX430UN,Laptop,simple,Asus,Asus,"Catalog, Search",ZenBook UX430UN,Một sản phẩm phù hợp với các bạn sinh viên.,Ultrabook,14,Full HD 1920x1080,Intel Core i7 8550U 1.8GHz,16GB,512GB SSD,Nvidia GeForce MX150,Windows 10,1.3kg,41532147,https://fptshop.com.vn/Uploads/images/2015/Tin-Tuc/QuanLNH2/asus-zenbook-ux425-1.jpg,https://fptshop.com.vn/Uploads/images/2015/Tin-Tuc/QuanLNH2/asus-zenbook-ux425-1.jpg,https://fptshop.com.vn/Uploads/images/2015/Tin-Tuc/QuanLNH2/asus-zenbook-ux425-1.jpg,https://fptshop.com.vn/Uploads/images/2015/Tin-Tuc/QuanLNH2/asus-zenbook-ux425-2.jpg,Bộ sạc + hướng dẫn sử dụng,20,3
Vivobook E200HA,Laptop,simple,Asus,Asus,"Catalog, Search",Vivobook E200HA,Một sản phẩm phù hợp với các bạn sinh viên.,Notebook,11.6,1366x768,Intel Atom x5-Z8350 1.44GHz,2GB,32GB Flash Storage,Intel HD Graphics 400,Windows 10,0.98kg,5331116,https://fptshop.com.vn/Uploads/images/2015/Tin-Tuc/QuanLNH2/asus-zenbook-ux425-3.jpg,https://fptshop.com.vn/Uploads/images/2015/Tin-Tuc/QuanLNH2/asus-zenbook-ux425-3.jpg,https://fptshop.com.vn/Uploads/images/2015/Tin-Tuc/QuanLNH2/asus-zenbook-ux425-3.jpg,https://fptshop.com.vn/Uploads/images/2015/Tin-Tuc/QuanLNH2/asus-zenbook-ux425-4.jpg,Bộ sạc + hướng dẫn sử dụng,21,4
E402WA-GA010T (E2-6110/2GB/32GB/W10),Laptop,simple,Asus,Asus,"Catalog, Search",E402WA-GA010T (E2-6110/2GB/32GB/W10),Một sản phẩm phù hợp với các bạn sinh viên.,Notebook,14,1366x768,AMD E-Series E2-6110 1.5GHz,2GB,32GB Flash Storage,AMD Radeon R2,Windows 10,1.65kg,5528359,https://fptshop.com.vn/Uploads/images/2015/Tin-Tuc/QuanLNH2/asus-zenbook-ux425-5.jpg,https://fptshop.com.vn/Uploads/images/2015/Tin-Tuc/QuanLNH2/asus-zenbook-ux425-5.jpg,https://fptshop.com.vn/Uploads/images/2015/Tin-Tuc/QuanLNH2/asus-zenbook-ux425-5.jpg,https://fptshop.com.vn/Uploads/images/2015/Tin-Tuc/QuanLNH2/asus-zenbook-ux425-6.jpg,Bộ sạc + hướng dẫn sử dụng,22,5
X540UA-DM186 (i3-6006U/4GB/1TB/FHD/Linux),Laptop,simple,Asus,Asus,"Catalog, Search",X540UA-DM186 (i3-6006U/4GB/1TB/FHD/Linux),Một sản phẩm phù hợp với các bạn sinh viên.,Notebook,15.6,Full HD 1920x1080,Intel Core i3 6006U 2GHz,4GB,1TB HDD,Intel HD Graphics 620,Linux,2kg,10806692,https://fptshop.com.vn/Uploads/images/2015/Tin-Tuc/QuanLNH2/asus-zenbook-ux425-7.jpg,https://fptshop.com.vn/Uploads/images/2015/Tin-Tuc/QuanLNH2/asus-zenbook-ux425-7.jpg,https://fptshop.com.vn/Uploads/images/2015/Tin-Tuc/QuanLNH2/asus-zenbook-ux425-7.jpg,https://fptshop.com.vn/Uploads/images/2015/Tin-Tuc/QuanLNH2/asus-zenbook-ux425-8.jpg,Bộ sạc + hướng dẫn sử dụng,23,6
X542UQ-GO005 (i5-7200U/8GB/1TB/GeForce,Laptop,simple,Asus,Asus,"Catalog, Search",X542UQ-GO005 (i5-7200U/8GB/1TB/GeForce,Một sản phẩm phù hợp với các bạn sinh viên.,Notebook,15.6,1366x768,Intel Core i5 7200U 2.5GHz,8GB,1TB HDD,Nvidia GeForce 940MX,Linux,2.3kg,14529028,https://fptshop.com.vn/Uploads/images/2015/Tin-Tuc/QuanLNH2/asus-zenbook-ux425-9.jpg,https://fptshop.com.vn/Uploads/images/2015/Tin-Tuc/QuanLNH2/asus-zenbook-ux425-9.jpg,https://fptshop.com.vn/Uploads/images/2015/Tin-Tuc/QuanLNH2/asus-zenbook-ux425-9.jpg,https://fptshop.com.vn/Uploads/images/2015/Tin-Tuc/QuanLNH2/asus-zenbook-ux425-10.jpg,Bộ sạc + hướng dẫn sử dụng,24,7
Rog Strix,Laptop,simple,Asus,Asus,"Catalog, Search",Rog Strix,Một sản phẩm phù hợp với các bạn sinh viên.,Gaming,17.3,Full HD 1920x1080,AMD Ryzen 1700 3GHz,8GB,256GB SSD +  1TB HDD,AMD Radeon RX 580,Windows 10,3.2kg,36087129,https://fptshop.com.vn/Uploads/images/2015/Tin-Tuc/QuanLNH2/asus-zenbook-ux425-11.jpg,https://fptshop.com.vn/Uploads/images/2015/Tin-Tuc/QuanLNH2/asus-zenbook-ux425-11.jpg,https://fptshop.com.vn/Uploads/images/2015/Tin-Tuc/QuanLNH2/asus-zenbook-ux425-11.jpg,https://fptshop.com.vn/Uploads/images/2015/Tin-Tuc/QuanLNH2/asus-zenbook-ux425-12.jpg,Bộ sạc + hướng dẫn sử dụng,25,8
X751NV-TY001T (N4200/4GB/1TB/GeForce,Laptop,simple,Asus,Asus,"Catalog, Search",X751NV-TY001T (N4200/4GB/1TB/GeForce,Một sản phẩm phù hợp với các bạn sinh viên.,Notebook,17.3,1366x768,Intel Pentium Quad Core N4200 1.1GHz,4GB,1TB HDD,Nvidia GeForce 920MX,Windows 10,2.8kg,12945806,https://fptshop.com.vn/Uploads/images/2015/Tin-Tuc/QuanLNH2/asus-zenbook-ux425-13.jpg,https://fptshop.com.vn/Uploads/images/2015/Tin-Tuc/QuanLNH2/asus-zenbook-ux425-13.jpg,https://fptshop.com.vn/Uploads/images/2015/Tin-Tuc/QuanLNH2/asus-zenbook-ux425-13.jpg,https://fptshop.com.vn/Uploads/images/2015/Tin-Tuc/QuanLNH2/asus-zenbook-ux425-14.jpg,Bộ sạc + hướng dẫn sử dụng,26,9
VivoBook Max,Laptop,simple,Asus,Asus,"Catalog, Search",VivoBook Max,Một sản phẩm phù hợp với các bạn sinh viên.,Notebook,15.6,1366x768,Intel Core i5 7200U 2.5GHz,4GB,256GB SSD,Intel HD Graphics 620,Windows 10,2kg,16284769,https://fptshop.com.vn/Uploads/images/2015/Tin-Tuc/QuanLNH2/asus-zenbook-ux425-15.jpg,https://fptshop.com.vn/Uploads/images/2015/Tin-Tuc/QuanLNH2/asus-zenbook-ux425-15.jpg,https://fptshop.com.vn/Uploads/images/2015/Tin-Tuc/QuanLNH2/asus-zenbook-ux425-15.jpg,https://fptshop.com.vn/Uploads/images/2015/Tin-Tuc/QuanLNH2/asus-zenbook-ux425-16.jpg,Bộ sạc + hướng dẫn sử dụng,27,10
X541UA-DM1897 (i3-6006U/4GB/256GB/FHD/Linux),Laptop,simple,Asus,Asus,"Catalog, Search",X541UA-DM1897 (i3-6006U/4GB/256GB/FHD/Linux),Một sản phẩm phù hợp với các bạn sinh viên.,Notebook,15.6,Full HD 1920x1080,Intel Core i3 6006U 2GHz,4GB,256GB SSD,Intel HD Graphics 520,Linux,2kg,11528991,https://fptshop.com.vn/Uploads/images/2015/Tin-Tuc/QuanLNH2/asus-zenbook-ux425-17.jpg,https://fptshop.com.vn/Uploads/images/2015/Tin-Tuc/QuanLNH2/asus-zenbook-ux425-17.jpg,https://fptshop.com.vn/Uploads/images/2015/Tin-Tuc/QuanLNH2/asus-zenbook-ux425-17.jpg,https://fptshop.com.vn/Uploads/images/2015/Tin-Tuc/QuanLNH2/asus-zenbook-ux425-18.jpg,Bộ sạc + hướng dẫn sử dụng,28,11
UX410UA-GV350T (i5-8250U/8GB/256GB/FHD/W10),Laptop,simple,Asus,Asus,"Catalog, Search",UX410UA-GV350T (i5-8250U/8GB/256GB/FHD/W10),Một sản phẩm phù hợp với các bạn sinh viên.,Notebook,14,Full HD 1920x1080,Intel Core i5 8250U 1.6GHz,8GB,256GB SSD,Intel UHD Graphics 620,Windows 10,1.4kg,26141639,https://fptshop.com.vn/Uploads/images/2015/Tin-Tuc/QuanLNH2/asus-zenbook-ux425-19.jpg,https://fptshop.com.vn/Uploads/images/2015/Tin-Tuc/QuanLNH2/asus-zenbook-ux425-19.jpg,https://fptshop.com.vn/Uploads/images/2015/Tin-Tuc/QuanLNH2/asus-zenbook-ux425-19.jpg,https://fptshop.com.vn/Uploads/images/2015/Tin-Tuc/QuanLNH2/asus-zenbook-ux425-20.jpg,Bộ sạc + hướng dẫn sử dụng,29,12
Aspire 3,Laptop,simple,Acer,Acer,"Catalog, Search",Aspire 3,Một sản phẩm phù hợp với các bạn sinh viên.,Notebook,15.6,1366x768,AMD A9-Series 9420 3GHz,4GB,500GB HDD,AMD Radeon R5,Windows 10,2.1kg,11112280,https://fptshop.com.vn/Uploads/images/2015/Tin-Tuc/QuanLNH2/acer-swift-3-sf314-gold-1.jpg,https://fptshop.com.vn/Uploads/images/2015/Tin-Tuc/QuanLNH2/acer-swift-3-sf314-gold-1.jpg,https://fptshop.com.vn/Uploads/images/2015/Tin-Tuc/QuanLNH2/acer-swift-3-sf314-gold-1.jpg,https://fptshop.com.vn/Uploads/images/2015/Tin-Tuc/QuanLNH2/acer-swift-3-sf314-gold-2.jpg,Bộ sạc + hướng dẫn sử dụng,30,13
Swift 3,Laptop,simple,Acer,Acer,"Catalog, Search",Swift 3,Một sản phẩm phù hợp với các bạn sinh viên.,Ultrabook,14,IPS Panel Full HD 1920x1080,Intel Core i5 8250U 1.6GHz,8GB,256GB SSD,Intel UHD Graphics 620,Windows 10,1.6kg,21391139,https://fptshop.com.vn/Uploads/images/2015/Tin-Tuc/QuanLNH2/acer-swift-3-sf314-gold-3.jpg,https://fptshop.com.vn/Uploads/images/2015/Tin-Tuc/QuanLNH2/acer-swift-3-sf314-gold-3.jpg,https://fptshop.com.vn/Uploads/images/2015/Tin-Tuc/QuanLNH2/acer-swift-3-sf314-gold-3.jpg,https://fptshop.com.vn/Uploads/images/2015/Tin-Tuc/QuanLNH2/acer-swift-3-sf314-gold-4.jpg,Bộ sạc + hướng dẫn sử dụng,31,14
Aspire 3,Laptop,simple,Acer,Acer,"Catalog, Search",Aspire 3,Một sản phẩm phù hợp với các bạn sinh viên.,Notebook,15.6,1366x768,Intel Core i3 7130U 2.7GHz,4GB,1TB HDD,Intel HD Graphics 620,Linux,2.1kg,10195517,https://fptshop.com.vn/Uploads/images/2015/Tin-Tuc/QuanLNH2/acer-swift-3-sf314-gold-5.jpg,https://fptshop.com.vn/Uploads/images/2015/Tin-Tuc/QuanLNH2/acer-swift-3-sf314-gold-5.jpg,https://fptshop.com.vn/Uploads/images/2015/Tin-Tuc/QuanLNH2/acer-swift-3-sf314-gold-5.jpg,https://fptshop.com.vn/Uploads/images/2015/Tin-Tuc/QuanLNH2/acer-swift-3-sf314-gold-6.jpg,Bộ sạc + hướng dẫn sử dụng,32,15
Aspire A515-51G,Laptop,simple,Acer,Acer,"Catalog, Search",Aspire A515-51G,Một sản phẩm phù hợp với các bạn sinh viên.,Notebook,15.6,IPS Panel Full HD 1920x1080,Intel Core i5 8250U 1.6GHz,4GB,256GB SSD,Intel UHD Graphics 620,Windows 10,2.2kg,18946437,https://fptshop.com.vn/Uploads/images/2015/Tin-Tuc/QuanLNH2/acer-swift-3-sf314-gold-7.jpg,https://fptshop.com.vn/Uploads/images/2015/Tin-Tuc/QuanLNH2/acer-swift-3-sf314-gold-7.jpg,https://fptshop.com.vn/Uploads/images/2015/Tin-Tuc/QuanLNH2/acer-swift-3-sf314-gold-7.jpg,https://fptshop.com.vn/Uploads/images/2015/Tin-Tuc/QuanLNH2/acer-swift-3-sf314-gold-8.jpg,Bộ sạc + hướng dẫn sử dụng,33,16
Aspire A515-51G,Laptop,simple,Acer,Acer,"Catalog, Search",Aspire A515-51G,Một sản phẩm phù hợp với các bạn sinh viên.,Notebook,15.6,IPS Panel Full HD 1920x1080,Intel Core i7 8550U 1.8GHz,8GB,256GB SSD,Nvidia GeForce MX150,Windows 10,2.2kg,23363569,https://fptshop.com.vn/Uploads/images/2015/Tin-Tuc/QuanLNH2/acer-swift-3-sf314-gold-9.jpg,https://fptshop.com.vn/Uploads/images/2015/Tin-Tuc/QuanLNH2/acer-swift-3-sf314-gold-9.jpg,https://fptshop.com.vn/Uploads/images/2015/Tin-Tuc/QuanLNH2/acer-swift-3-sf314-gold-9.jpg,https://fptshop.com.vn/Uploads/images/2015/Tin-Tuc/QuanLNH2/acer-swift-3-sf314-gold-10.jpg,Bộ sạc + hướng dẫn sử dụng,34,17
Aspire 3,Laptop,simple,Acer,Acer,"Catalog, Search",Aspire 3,Một sản phẩm phù hợp với các bạn sinh viên.,Notebook,15.6,1366x768,Intel Core i3 7100U 2.4GHz,4GB,1TB HDD,Intel HD Graphics 620,Windows 10,2.4kg,10667789,https://images.fpt.shop/unsafe/fit-in/filters:quality(90)/fptshop.com.vn/Uploads/images/2015/Tin-Tuc/QuanLNH2/acer-aspire-3-a315-2021-1.jpg,https://images.fpt.shop/unsafe/fit-in/filters:quality(90)/fptshop.com.vn/Uploads/images/2015/Tin-Tuc/QuanLNH2/acer-aspire-3-a315-2021-1.jpg,https://images.fpt.shop/unsafe/fit-in/filters:quality(90)/fptshop.com.vn/Uploads/images/2015/Tin-Tuc/QuanLNH2/acer-aspire-3-a315-2021-1.jpg,https://images.fpt.shop/unsafe/fit-in/filters:quality(90)/fptshop.com.vn/Uploads/images/2015/Tin-Tuc/QuanLNH2/acer-aspire-3-a315-2021-2.jpg,Bộ sạc + hướng dẫn sử dụng,35,18
Aspire E5-475,Laptop,simple,Acer,Acer,"Catalog, Search",Aspire E5-475,Một sản phẩm phù hợp với các bạn sinh viên.,Notebook,14,1366x768,Intel Core i3 6006U 2GHz,8GB,1TB HDD,Intel HD Graphics 520,Windows 10,2.1kg,10806692,https://images.fpt.shop/unsafe/fit-in/filters:quality(90)/fptshop.com.vn/Uploads/images/2015/Tin-Tuc/QuanLNH2/acer-aspire-3-a315-2021-3.jpg,https://images.fpt.shop/unsafe/fit-in/filters:quality(90)/fptshop.com.vn/Uploads/images/2015/Tin-Tuc/QuanLNH2/acer-aspire-3-a315-2021-3.jpg,https://images.fpt.shop/unsafe/fit-in/filters:quality(90)/fptshop.com.vn/Uploads/images/2015/Tin-Tuc/QuanLNH2/acer-aspire-3-a315-2021-3.jpg,https://images.fpt.shop/unsafe/fit-in/filters:quality(90)/fptshop.com.vn/Uploads/images/2015/Tin-Tuc/QuanLNH2/acer-aspire-3-a315-2021-4.jpg,Bộ sạc + hướng dẫn sử dụng,36,19
Aspire A515-51G-32MX,Laptop,simple,Acer,Acer,"Catalog, Search",Aspire A515-51G-32MX,Một sản phẩm phù hợp với các bạn sinh viên.,Notebook,15.6,Full HD 1920x1080,Intel Core i3 7130U 2.7GHz,4GB,1TB HDD,Nvidia GeForce MX130,Windows 10,2.2kg,14723771,https://images.fpt.shop/unsafe/fit-in/filters:quality(90)/fptshop.com.vn/Uploads/images/2015/Tin-Tuc/QuanLNH2/acer-aspire-3-a315-2021-5.jpg,https://images.fpt.shop/unsafe/fit-in/filters:quality(90)/fptshop.com.vn/Uploads/images/2015/Tin-Tuc/QuanLNH2/acer-aspire-3-a315-2021-5.jpg,https://images.fpt.shop/unsafe/fit-in/filters:quality(90)/fptshop.com.vn/Uploads/images/2015/Tin-Tuc/QuanLNH2/acer-aspire-3-a315-2021-5.jpg,https://images.fpt.shop/unsafe/fit-in/filters:quality(90)/fptshop.com.vn/Uploads/images/2015/Tin-Tuc/QuanLNH2/acer-aspire-3-a315-2021-6.jpg,Bộ sạc + hướng dẫn sử dụng,37,20
Aspire 3,Laptop,simple,Acer,Acer,"Catalog, Search",Aspire 3,Một sản phẩm phù hợp với các bạn sinh viên.,Notebook,15.6,1366x768,AMD A9-Series 9420 3GHz,4GB,1TB HDD,AMD Radeon R5,Windows 10,2.1kg,10973377,https://images.fpt.shop/unsafe/fit-in/filters:quality(90)/fptshop.com.vn/Uploads/images/2015/Tin-Tuc/QuanLNH2/acer-aspire-3-a315-2021-7.jpg,https://images.fpt.shop/unsafe/fit-in/filters:quality(90)/fptshop.com.vn/Uploads/images/2015/Tin-Tuc/QuanLNH2/acer-aspire-3-a315-2021-7.jpg,https://images.fpt.shop/unsafe/fit-in/filters:quality(90)/fptshop.com.vn/Uploads/images/2015/Tin-Tuc/QuanLNH2/acer-aspire-3-a315-2021-7.jpg,https://images.fpt.shop/unsafe/fit-in/filters:quality(90)/fptshop.com.vn/Uploads/images/2015/Tin-Tuc/QuanLNH2/acer-aspire-3-a315-2021-8.jpg,Bộ sạc + hướng dẫn sử dụng,38,21
Aspire 5,Laptop,simple,Acer,Acer,"Catalog, Search",Aspire 5,Một sản phẩm phù hợp với các bạn sinh viên.,Notebook,15.6,Full HD 1920x1080,Intel Core i7 8550U 1.8GHz,8GB,1TB HDD,Nvidia GeForce MX150,Windows 10,2.2kg,19140902,https://images.fpt.shop/unsafe/fit-in/filters:quality(90)/fptshop.com.vn/Uploads/images/2015/Tin-Tuc/QuanLNH2/acer-aspire-3-a315-2021-9.jpg,https://images.fpt.shop/unsafe/fit-in/filters:quality(90)/fptshop.com.vn/Uploads/images/2015/Tin-Tuc/QuanLNH2/acer-aspire-3-a315-2021-9.jpg,https://images.fpt.shop/unsafe/fit-in/filters:quality(90)/fptshop.com.vn/Uploads/images/2015/Tin-Tuc/QuanLNH2/acer-aspire-3-a315-2021-9.jpg,https://images.fpt.shop/unsafe/fit-in/filters:quality(90)/fptshop.com.vn/Uploads/images/2015/Tin-Tuc/QuanLNH2/acer-aspire-3-a315-2021-10.jpg,Bộ sạc + hướng dẫn sử dụng,39,22
MacBook Pro,Laptop,simple,Apple,Apple,"Catalog, Search",MacBook Pro,Một sản phẩm phù hợp với các bạn sinh viên.,Ultrabook,13.3,IPS Panel Retina Display 2560x1600,Intel Core i5 2.3GHz,8GB,128GB SSD,Intel Iris Plus Graphics 640,macOS,1.37kg,37217526,https://fptshop.com.vn/Uploads/images/2015/Tin-Tuc/QuanLNH2/macbook-pro-13-m1-1.jpg,https://fptshop.com.vn/Uploads/images/2015/Tin-Tuc/QuanLNH2/macbook-pro-13-m1-1.jpg,https://fptshop.com.vn/Uploads/images/2015/Tin-Tuc/QuanLNH2/macbook-pro-13-m1-1.jpg,https://fptshop.com.vn/Uploads/images/2015/Tin-Tuc/QuanLNH2/macbook-pro-13-m1-2.jpg,Bộ sạc + hướng dẫn sử dụng,40,23
Macbook Air,Laptop,simple,Apple,Apple,"Catalog, Search",Macbook Air,Một sản phẩm phù hợp với các bạn sinh viên.,Ultrabook,13.3,1440x900,Intel Core i5 1.8GHz,8GB,128GB Flash Storage,Intel HD Graphics 6000,macOS,1.34kg,24973182,https://fptshop.com.vn/Uploads/images/2015/Tin-Tuc/QuanLNH2/macbook-pro-13-m1-3.jpg,https://fptshop.com.vn/Uploads/images/2015/Tin-Tuc/QuanLNH2/macbook-pro-13-m1-3.jpg,https://fptshop.com.vn/Uploads/images/2015/Tin-Tuc/QuanLNH2/macbook-pro-13-m1-3.jpg,https://fptshop.com.vn/Uploads/images/2015/Tin-Tuc/QuanLNH2/macbook-pro-13-m1-4.jpg,Bộ sạc + hướng dẫn sử dụng,41,24
MacBook Pro,Laptop,simple,Apple,Apple,"Catalog, Search",MacBook Pro,Một sản phẩm phù hợp với các bạn sinh viên.,Ultrabook,15.4,IPS Panel Retina Display 2880x1800,Intel Core i7 2.7GHz,16GB,512GB SSD,AMD Radeon Pro 455,macOS,1.83kg,70492137,https://fptshop.com.vn/Uploads/images/2015/Tin-Tuc/QuanLNH2/macbook-pro-13-m1-5.jpg,https://fptshop.com.vn/Uploads/images/2015/Tin-Tuc/QuanLNH2/macbook-pro-13-m1-5.jpg,https://fptshop.com.vn/Uploads/images/2015/Tin-Tuc/QuanLNH2/macbook-pro-13-m1-5.jpg,https://fptshop.com.vn/Uploads/images/2015/Tin-Tuc/QuanLNH2/macbook-pro-13-m1-6.jpg,Bộ sạc + hướng dẫn sử dụng,42,25
MacBook Pro,Laptop,simple,Apple,Apple,"Catalog, Search",MacBook Pro,Một sản phẩm phù hợp với các bạn sinh viên.,Ultrabook,13.3,IPS Panel Retina Display 2560x1600,Intel Core i5 3.1GHz,8GB,256GB SSD,Intel Iris Plus Graphics 650,macOS,1.37kg,50105271,https://fptshop.com.vn/Uploads/images/2015/Tin-Tuc/QuanLNH2/macbook-pro-13-m1-7.jpg,https://fptshop.com.vn/Uploads/images/2015/Tin-Tuc/QuanLNH2/macbook-pro-13-m1-7.jpg,https://fptshop.com.vn/Uploads/images/2015/Tin-Tuc/QuanLNH2/macbook-pro-13-m1-7.jpg,https://fptshop.com.vn/Uploads/images/2015/Tin-Tuc/QuanLNH2/macbook-pro-13-m1-8.jpg,Bộ sạc + hướng dẫn sử dụng,43,26
MacBook Pro,Laptop,simple,Apple,Apple,"Catalog, Search",MacBook Pro,Một sản phẩm phù hợp với các bạn sinh viên.,Ultrabook,15.4,IPS Panel Retina Display 2880x1800,Intel Core i7 2.2GHz,16GB,256GB Flash Storage,Intel Iris Pro Graphics,Mac OS X,2.04kg,59449865,https://fptshop.com.vn/Uploads/images/2015/Tin-Tuc/QuanLNH2/macbook-pro-13-m1-9.jpg,https://fptshop.com.vn/Uploads/images/2015/Tin-Tuc/QuanLNH2/macbook-pro-13-m1-9.jpg,https://fptshop.com.vn/Uploads/images/2015/Tin-Tuc/QuanLNH2/macbook-pro-13-m1-9.jpg,https://fptshop.com.vn/Uploads/images/2015/Tin-Tuc/QuanLNH2/macbook-pro-13-m1-10.jpg,Bộ sạc + hướng dẫn sử dụng,44,27
Macbook Air,Laptop,simple,Apple,Apple,"Catalog, Search",Macbook Air,Một sản phẩm phù hợp với các bạn sinh viên.,Ultrabook,13.3,1440x900,Intel Core i5 1.8GHz,8GB,256GB Flash Storage,Intel HD Graphics 6000,macOS,1.34kg,32189497,https://fptshop.com.vn/Uploads/images/2015/Tin-Tuc/QuanLNH2/macbook-pro-13-m1-11.jpg,https://fptshop.com.vn/Uploads/images/2015/Tin-Tuc/QuanLNH2/macbook-pro-13-m1-11.jpg,https://fptshop.com.vn/Uploads/images/2015/Tin-Tuc/QuanLNH2/macbook-pro-13-m1-11.jpg,https://fptshop.com.vn/Uploads/images/2015/Tin-Tuc/QuanLNH2/macbook-pro-13-m1-12.jpg,Bộ sạc + hướng dẫn sử dụng,45,28
MacBook Pro,Laptop,simple,Apple,Apple,"Catalog, Search",MacBook Pro,Một sản phẩm phù hợp với các bạn sinh viên.,Ultrabook,15.4,IPS Panel Retina Display 2880x1800,Intel Core i7 2.8GHz,16GB,256GB SSD,AMD Radeon Pro 555,macOS,1.83kg,67784075,https://fptshop.com.vn/Uploads/images/2015/Tin-Tuc/QuanLNH2/macbook-pro-13-m1-13.jpg,https://fptshop.com.vn/Uploads/images/2015/Tin-Tuc/QuanLNH2/macbook-pro-13-m1-13.jpg,https://fptshop.com.vn/Uploads/images/2015/Tin-Tuc/QuanLNH2/macbook-pro-13-m1-13.jpg,https://fptshop.com.vn/Uploads/images/2015/Tin-Tuc/QuanLNH2/macbook-pro-13-m1-14.jpg,Bộ sạc + hướng dẫn sử dụng,46,29
"MacBook 12""",Laptop,simple,Apple,Apple,"Catalog, Search","MacBook 12""",Một sản phẩm phù hợp với các bạn sinh viên.,Ultrabook,12,IPS Panel Retina Display 2304x1440,Intel Core M m3 1.2GHz,8GB,256GB SSD,Intel HD Graphics 615,macOS,0.92kg,35070356,https://fptshop.com.vn/Uploads/images/2015/Tin-Tuc/QuanLNH2/macbook-pro-13-m1-15.jpg,https://fptshop.com.vn/Uploads/images/2015/Tin-Tuc/QuanLNH2/macbook-pro-13-m1-15.jpg,https://fptshop.com.vn/Uploads/images/2015/Tin-Tuc/QuanLNH2/macbook-pro-13-m1-15.jpg,https://fptshop.com.vn/Uploads/images/2015/Tin-Tuc/QuanLNH2/macbook-pro-13-m1-16.jpg,Bộ sạc + hướng dẫn sử dụng,47,30
MacBook Pro,Laptop,simple,Apple,Apple,"Catalog, Search",MacBook Pro,Một sản phẩm phù hợp với các bạn sinh viên.,Ultrabook,13.3,IPS Panel Retina Display 2560x1600,Intel Core i5 2.3GHz,8GB,256GB SSD,Intel Iris Plus Graphics 640,macOS,1.37kg,42186382,https://fptshop.com.vn/Uploads/images/2015/Tin-Tuc/QuanLNH2/macbook-pro-13-m1-17.jpg,https://fptshop.com.vn/Uploads/images/2015/Tin-Tuc/QuanLNH2/macbook-pro-13-m1-17.jpg,https://fptshop.com.vn/Uploads/images/2015/Tin-Tuc/QuanLNH2/macbook-pro-13-m1-17.jpg,https://fptshop.com.vn/Uploads/images/2015/Tin-Tuc/QuanLNH2/macbook-pro-13-m1-18.jpg,Bộ sạc + hướng dẫn sử dụng,48,31
MacBook Pro,Laptop,simple,Apple,Apple,"Catalog, Search",MacBook Pro,Một sản phẩm phù hợp với các bạn sinh viên.,Ultrabook,15.4,IPS Panel Retina Display 2880x1800,Intel Core i7 2.9GHz,16GB,512GB SSD,AMD Radeon Pro 560,macOS,1.83kg,79397241,https://fptshop.com.vn/Uploads/images/2015/Tin-Tuc/QuanLNH2/macbook-pro-13-m1-19.jpg,https://fptshop.com.vn/Uploads/images/2015/Tin-Tuc/QuanLNH2/macbook-pro-13-m1-19.jpg,https://fptshop.com.vn/Uploads/images/2015/Tin-Tuc/QuanLNH2/macbook-pro-13-m1-19.jpg,https://fptshop.com.vn/Uploads/images/2015/Tin-Tuc/QuanLNH2/macbook-pro-13-m1-20.jpg,Bộ sạc + hướng dẫn sử dụng,49,32
MacBook Air,Laptop,simple,Apple,Apple,"Catalog, Search",MacBook Air,Một sản phẩm phù hợp với các bạn sinh viên.,Ultrabook,13.3,1440x900,Intel Core i5 1.6GHz,8GB,128GB Flash Storage,Intel HD Graphics 6000,Mac OS X,1.35kg,30530989,https://fptshop.com.vn/Uploads/images/2015/Tin-Tuc/QuanLNH2/macbook-pro-13-m1-21.jpg,https://fptshop.com.vn/Uploads/images/2015/Tin-Tuc/QuanLNH2/macbook-pro-13-m1-21.jpg,https://fptshop.com.vn/Uploads/images/2015/Tin-Tuc/QuanLNH2/macbook-pro-13-m1-21.jpg,https://fptshop.com.vn/Uploads/images/2015/Tin-Tuc/QuanLNH2/macbook-pro-13-m1-22.jpg,Bộ sạc + hướng dẫn sử dụng,50,33
MacBook Air,Laptop,simple,Apple,Apple,"Catalog, Search",MacBook Air,Một sản phẩm phù hợp với các bạn sinh viên.,Ultrabook,13.3,1440x900,Intel Core i5 1.6GHz,8GB,256GB Flash Storage,Intel HD Graphics 6000,Mac OS X,1.35kg,27725139,https://fptshop.com.vn/Uploads/images/2015/Tin-Tuc/QuanLNH2/macbook-pro-13-m1-23.jpg,https://fptshop.com.vn/Uploads/images/2015/Tin-Tuc/QuanLNH2/macbook-pro-13-m1-23.jpg,https://fptshop.com.vn/Uploads/images/2015/Tin-Tuc/QuanLNH2/macbook-pro-13-m1-23.jpg,https://fptshop.com.vn/Uploads/images/2015/Tin-Tuc/QuanLNH2/macbook-pro-13-m1-24.jpg,Bộ sạc + hướng dẫn sử dụng,51,34
Inspiron 3567,Laptop,simple,Dell,Dell,"Catalog, Search",Inspiron 3567,Một sản phẩm phù hợp với các bạn sinh viên.,Notebook,15.6,Full HD 1920x1080,Intel Core i3 6006U 2GHz,4GB,256GB SSD,AMD Radeon R5 M430,Windows 10,2.2kg,13859791,https://fptshop.com.vn/Uploads/images/2015/Tin-Tuc/QuanLNH2/dell-xps-13-9310-2-in-1-1.jpg,https://fptshop.com.vn/Uploads/images/2015/Tin-Tuc/QuanLNH2/dell-xps-13-9310-2-in-1-1.jpg,https://fptshop.com.vn/Uploads/images/2015/Tin-Tuc/QuanLNH2/dell-xps-13-9310-2-in-1-1.jpg,https://fptshop.com.vn/Uploads/images/2015/Tin-Tuc/QuanLNH2/dell-xps-13-9310-2-in-1-2.jpg,Bộ sạc + hướng dẫn sử dụng,52,35
Inspiron 3567,Laptop,simple,Dell,Dell,"Catalog, Search",Inspiron 3567,Một sản phẩm phù hợp với các bạn sinh viên.,Notebook,15.6,Full HD 1920x1080,Intel Core i7 7500U 2.7GHz,8GB,256GB SSD,AMD Radeon R5 M430,Windows 10,2.2kg,20696622,https://fptshop.com.vn/Uploads/images/2015/Tin-Tuc/QuanLNH2/dell-xps-13-9310-2-in-1-3.jpg,https://fptshop.com.vn/Uploads/images/2015/Tin-Tuc/QuanLNH2/dell-xps-13-9310-2-in-1-3.jpg,https://fptshop.com.vn/Uploads/images/2015/Tin-Tuc/QuanLNH2/dell-xps-13-9310-2-in-1-3.jpg,https://fptshop.com.vn/Uploads/images/2015/Tin-Tuc/QuanLNH2/dell-xps-13-9310-2-in-1-4.jpg,Bộ sạc + hướng dẫn sử dụng,53,36
XPS 13,Laptop,simple,Dell,Dell,"Catalog, Search",XPS 13,Một sản phẩm phù hợp với các bạn sinh viên.,Ultrabook,13.3,IPS Panel Full HD / Touchscreen 1920x1080,Intel Core i5 8250U 1.6GHz,8GB,128GB SSD,Intel UHD Graphics 620,Windows 10,1.22kg,27197305,https://fptshop.com.vn/Uploads/images/2015/Tin-Tuc/QuanLNH2/dell-xps-13-9310-2-in-1-5.jpg,https://fptshop.com.vn/Uploads/images/2015/Tin-Tuc/QuanLNH2/dell-xps-13-9310-2-in-1-5.jpg,https://fptshop.com.vn/Uploads/images/2015/Tin-Tuc/QuanLNH2/dell-xps-13-9310-2-in-1-5.jpg,https://fptshop.com.vn/Uploads/images/2015/Tin-Tuc/QuanLNH2/dell-xps-13-9310-2-in-1-6.jpg,Bộ sạc + hướng dẫn sử dụng,54,37
Inspiron 5379,Laptop,simple,Dell,Dell,"Catalog, Search",Inspiron 5379,Một sản phẩm phù hợp với các bạn sinh viên.,2 in 1 Convertible,13.3,Full HD / Touchscreen 1920x1080,Intel Core i5 8250U 1.6GHz,8GB,256GB SSD,Intel UHD Graphics 620,Windows 10,1.62kg,22752393,https://fptshop.com.vn/Uploads/images/2015/Tin-Tuc/QuanLNH2/dell-xps-13-9310-2-in-1-7.jpg,https://fptshop.com.vn/Uploads/images/2015/Tin-Tuc/QuanLNH2/dell-xps-13-9310-2-in-1-7.jpg,https://fptshop.com.vn/Uploads/images/2015/Tin-Tuc/QuanLNH2/dell-xps-13-9310-2-in-1-7.jpg,https://fptshop.com.vn/Uploads/images/2015/Tin-Tuc/QuanLNH2/dell-xps-13-9310-2-in-1-8.jpg,Bộ sạc + hướng dẫn sử dụng,55,38
Inspiron 3567,Laptop,simple,Dell,Dell,"Catalog, Search",Inspiron 3567,Một sản phẩm phù hợp với các bạn sinh viên.,Notebook,15.6,1366x768,Intel Core i3 6006U 2GHz,4GB,1TB HDD,Intel HD Graphics 520,Windows 10,2.3kg,11630112,https://fptshop.com.vn/Uploads/images/2015/Tin-Tuc/QuanLNH2/dell-xps-13-9310-2-in-1-9.jpg,https://fptshop.com.vn/Uploads/images/2015/Tin-Tuc/QuanLNH2/dell-xps-13-9310-2-in-1-9.jpg,https://fptshop.com.vn/Uploads/images/2015/Tin-Tuc/QuanLNH2/dell-xps-13-9310-2-in-1-9.jpg,https://fptshop.com.vn/Uploads/images/2015/Tin-Tuc/QuanLNH2/dell-xps-13-9310-2-in-1-10.jpg,Bộ sạc + hướng dẫn sử dụng,56,39
Inspiron 5570,Laptop,simple,Dell,Dell,"Catalog, Search",Inspiron 5570,Một sản phẩm phù hợp với các bạn sinh viên.,Notebook,15.6,Full HD 1920x1080,Intel Core i5 8250U 1.6GHz,8GB,256GB SSD,AMD Radeon 530,Windows 10,2.2kg,22224560,https://fptshop.com.vn/Uploads/images/2015/Tin-Tuc/QuanLNH2/dell-xps-13-9310-2-in-1-11.jpg,https://fptshop.com.vn/Uploads/images/2015/Tin-Tuc/QuanLNH2/dell-xps-13-9310-2-in-1-11.jpg,https://fptshop.com.vn/Uploads/images/2015/Tin-Tuc/QuanLNH2/dell-xps-13-9310-2-in-1-11.jpg,https://fptshop.com.vn/Uploads/images/2015/Tin-Tuc/QuanLNH2/dell-xps-13-9310-2-in-1-12.jpg,Bộ sạc + hướng dẫn sử dụng,57,40
Latitude 5590,Laptop,simple,Dell,Dell,"Catalog, Search",Latitude 5590,Một sản phẩm phù hợp với các bạn sinh viên.,Ultrabook,15.6,Full HD 1920x1080,Intel Core i7 8650U 1.9GHz,8GB,256GB SSD +  256GB SSD,Intel UHD Graphics 620,Windows 10,1.88kg,36059349,https://fptshop.com.vn/Uploads/images/2015/Tin-Tuc/QuanLNH2/dell-xps-13-9310-2-in-1-13.jpg,https://fptshop.com.vn/Uploads/images/2015/Tin-Tuc/QuanLNH2/dell-xps-13-9310-2-in-1-13.jpg,https://fptshop.com.vn/Uploads/images/2015/Tin-Tuc/QuanLNH2/dell-xps-13-9310-2-in-1-13.jpg,https://fptshop.com.vn/Uploads/images/2015/Tin-Tuc/QuanLNH2/dell-xps-13-9310-2-in-1-14.jpg,Bộ sạc + hướng dẫn sử dụng,58,41
XPS 13,Laptop,simple,Dell,Dell,"Catalog, Search",XPS 13,Một sản phẩm phù hợp với các bạn sinh viên.,Ultrabook,13.3,Touchscreen / Quad HD+ 3200x1800,Intel Core i7 8550U 1.8GHz,16GB,512GB SSD,Intel UHD Graphics 620,Windows 10,1.2kg,51922128,https://fptshop.com.vn/Uploads/images/2015/Tin-Tuc/QuanLNH2/dell-xps-13-9310-2-in-1-15.jpg,https://fptshop.com.vn/Uploads/images/2015/Tin-Tuc/QuanLNH2/dell-xps-13-9310-2-in-1-15.jpg,https://fptshop.com.vn/Uploads/images/2015/Tin-Tuc/QuanLNH2/dell-xps-13-9310-2-in-1-15.jpg,https://fptshop.com.vn/Uploads/images/2015/Tin-Tuc/QuanLNH2/dell-xps-13-9310-2-in-1-16.jpg,Bộ sạc + hướng dẫn sử dụng,59,42
Inspiron 5770,Laptop,simple,Dell,Dell,"Catalog, Search",Inspiron 5770,Một sản phẩm phù hợp với các bạn sinh viên.,Notebook,17.3,IPS Panel Full HD 1920x1080,Intel Core i5 8250U 1.6GHz,8GB,128GB SSD +  1TB HDD,AMD Radeon 530,Windows 10,2.8kg,27197305,https://fptshop.com.vn/Uploads/images/2015/Tin-Tuc/QuanLNH2/dell-xps-13-9310-2-in-1-17.jpg,https://fptshop.com.vn/Uploads/images/2015/Tin-Tuc/QuanLNH2/dell-xps-13-9310-2-in-1-17.jpg,https://fptshop.com.vn/Uploads/images/2015/Tin-Tuc/QuanLNH2/dell-xps-13-9310-2-in-1-17.jpg,https://fptshop.com.vn/Uploads/images/2015/Tin-Tuc/QuanLNH2/dell-xps-13-9310-2-in-1-18.jpg,Bộ sạc + hướng dẫn sử dụng,60,43
Inspiron 7577,Laptop,simple,Dell,Dell,"Catalog, Search",Inspiron 7577,Một sản phẩm phù hợp với các bạn sinh viên.,Gaming,15.6,IPS Panel Full HD 1920x1080,Intel Core i7 7700HQ 2.8GHz,16GB,256GB SSD +  1TB HDD,Nvidia GeForce GTX 1060,Windows 10,2.65kg,41643269,https://fptshop.com.vn/Uploads/images/2015/Tin-Tuc/QuanLNH2/dell-xps-13-9310-2-in-1-19.jpg,https://fptshop.com.vn/Uploads/images/2015/Tin-Tuc/QuanLNH2/dell-xps-13-9310-2-in-1-19.jpg,https://fptshop.com.vn/Uploads/images/2015/Tin-Tuc/QuanLNH2/dell-xps-13-9310-2-in-1-19.jpg,https://fptshop.com.vn/Uploads/images/2015/Tin-Tuc/QuanLNH2/dell-xps-13-9310-2-in-1-20.jpg,Bộ sạc + hướng dẫn sử dụng,61,44
250 G6,Laptop,simple,HP,HP,"Catalog, Search",250 G6,Một sản phẩm phù hợp với các bạn sinh viên.,Notebook,15.6,Full HD 1920x1080,Intel Core i5 7200U 2.5GHz,8GB,256GB SSD,Intel HD Graphics 620,No OS,1.86kg,15973903,https://images.fpt.shop/unsafe/fit-in/filters:quality(90)/fptshop.com.vn/Uploads/images/2015/Tin-Tuc/QuanLNH2/HP-envy-13-go-1.jpg,https://images.fpt.shop/unsafe/fit-in/filters:quality(90)/fptshop.com.vn/Uploads/images/2015/Tin-Tuc/QuanLNH2/HP-envy-13-go-1.jpg,https://images.fpt.shop/unsafe/fit-in/filters:quality(90)/fptshop.com.vn/Uploads/images/2015/Tin-Tuc/QuanLNH2/HP-envy-13-go-1.jpg,https://images.fpt.shop/unsafe/fit-in/filters:quality(90)/fptshop.com.vn/Uploads/images/2015/Tin-Tuc/QuanLNH2/HP-envy-13-go-2.jpg,Bộ sạc + hướng dẫn sử dụng,62,45
250 G6,Laptop,simple,HP,HP,"Catalog, Search",250 G6,Một sản phẩm phù hợp với các bạn sinh viên.,Notebook,15.6,1366x768,Intel Core i5 7200U 2.5GHz,4GB,500GB HDD,Intel HD Graphics 620,No OS,1.86kg,10942818,https://images.fpt.shop/unsafe/fit-in/filters:quality(90)/fptshop.com.vn/Uploads/images/2015/Tin-Tuc/QuanLNH2/HP-envy-13-go-3.jpg,https://images.fpt.shop/unsafe/fit-in/filters:quality(90)/fptshop.com.vn/Uploads/images/2015/Tin-Tuc/QuanLNH2/HP-envy-13-go-3.jpg,https://images.fpt.shop/unsafe/fit-in/filters:quality(90)/fptshop.com.vn/Uploads/images/2015/Tin-Tuc/QuanLNH2/HP-envy-13-go-3.jpg,https://images.fpt.shop/unsafe/fit-in/filters:quality(90)/fptshop.com.vn/Uploads/images/2015/Tin-Tuc/QuanLNH2/HP-envy-13-go-4.jpg,Bộ sạc + hướng dẫn sử dụng,63,46
250 G6,Laptop,simple,HP,HP,"Catalog, Search",250 G6,Một sản phẩm phù hợp với các bạn sinh viên.,Notebook,15.6,Full HD 1920x1080,Intel Core i3 6006U 2GHz,4GB,500GB HDD,Intel HD Graphics 520,No OS,1.86kg,9584064,https://images.fpt.shop/unsafe/fit-in/filters:quality(90)/fptshop.com.vn/Uploads/images/2015/Tin-Tuc/QuanLNH2/HP-envy-13-go-5.jpg,https://images.fpt.shop/unsafe/fit-in/filters:quality(90)/fptshop.com.vn/Uploads/images/2015/Tin-Tuc/QuanLNH2/HP-envy-13-go-5.jpg,https://images.fpt.shop/unsafe/fit-in/filters:quality(90)/fptshop.com.vn/Uploads/images/2015/Tin-Tuc/QuanLNH2/HP-envy-13-go-5.jpg,https://images.fpt.shop/unsafe/fit-in/filters:quality(90)/fptshop.com.vn/Uploads/images/2015/Tin-Tuc/QuanLNH2/HP-envy-13-go-6.jpg,Bộ sạc + hướng dẫn sử dụng,64,47
255 G6,Laptop,simple,HP,HP,"Catalog, Search",255 G6,Một sản phẩm phù hợp với các bạn sinh viên.,Notebook,15.6,1366x768,AMD E-Series E2-9000e 1.5GHz,4GB,500GB HDD,AMD Radeon R2,No OS,1.86kg,7167421,https://images.fpt.shop/unsafe/fit-in/filters:quality(90)/fptshop.com.vn/Uploads/images/2015/Tin-Tuc/QuanLNH2/HP-envy-13-go-7.jpg,https://images.fpt.shop/unsafe/fit-in/filters:quality(90)/fptshop.com.vn/Uploads/images/2015/Tin-Tuc/QuanLNH2/HP-envy-13-go-7.jpg,https://images.fpt.shop/unsafe/fit-in/filters:quality(90)/fptshop.com.vn/Uploads/images/2015/Tin-Tuc/QuanLNH2/HP-envy-13-go-7.jpg,https://images.fpt.shop/unsafe/fit-in/filters:quality(90)/fptshop.com.vn/Uploads/images/2015/Tin-Tuc/QuanLNH2/HP-envy-13-go-8.jpg,Bộ sạc + hướng dẫn sử dụng,65,48
15-BS101nv (i7-8550U/8GB/256GB/FHD/W10),Laptop,simple,HP,HP,"Catalog, Search",15-BS101nv (i7-8550U/8GB/256GB/FHD/W10),Một sản phẩm phù hợp với các bạn sinh viên.,Ultrabook,15.6,Full HD 1920x1080,Intel Core i7 8550U 1.8GHz,8GB,256GB SSD,Intel HD Graphics 620,Windows 10,1.91kg,18307481,https://images.fpt.shop/unsafe/fit-in/filters:quality(90)/fptshop.com.vn/Uploads/images/2015/Tin-Tuc/QuanLNH2/HP-envy-13-go-9.jpg,https://images.fpt.shop/unsafe/fit-in/filters:quality(90)/fptshop.com.vn/Uploads/images/2015/Tin-Tuc/QuanLNH2/HP-envy-13-go-9.jpg,https://images.fpt.shop/unsafe/fit-in/filters:quality(90)/fptshop.com.vn/Uploads/images/2015/Tin-Tuc/QuanLNH2/HP-envy-13-go-9.jpg,https://images.fpt.shop/unsafe/fit-in/filters:quality(90)/fptshop.com.vn/Uploads/images/2015/Tin-Tuc/QuanLNH2/HP-envy-13-go-10.jpg,Bộ sạc + hướng dẫn sử dụng,66,49
ProBook 470,Laptop,simple,HP,HP,"Catalog, Search",ProBook 470,Một sản phẩm phù hợp với các bạn sinh viên.,Notebook,17.3,Full HD 1920x1080,Intel Core i5 8250U 1.6GHz,8GB,1TB HDD,Nvidia GeForce 930MX,Windows 10,2.5kg,24891507,https://images.fpt.shop/unsafe/fit-in/filters:quality(90)/fptshop.com.vn/Uploads/images/2015/Tin-Tuc/QuanLNH2/hp-envy-13-gold-1.jpg,https://images.fpt.shop/unsafe/fit-in/filters:quality(90)/fptshop.com.vn/Uploads/images/2015/Tin-Tuc/QuanLNH2/hp-envy-13-gold-1.jpg,https://images.fpt.shop/unsafe/fit-in/filters:quality(90)/fptshop.com.vn/Uploads/images/2015/Tin-Tuc/QuanLNH2/hp-envy-13-gold-1.jpg,https://images.fpt.shop/unsafe/fit-in/filters:quality(90)/fptshop.com.vn/Uploads/images/2015/Tin-Tuc/QuanLNH2/hp-envy-13-gold-2.jpg,Bộ sạc + hướng dẫn sử dụng,67,50
17-ak001nv (A6-9220/4GB/500GB/Radeon,Laptop,simple,HP,HP,"Catalog, Search",17-ak001nv (A6-9220/4GB/500GB/Radeon,Một sản phẩm phù hợp với các bạn sinh viên.,Notebook,17.3,Full HD 1920x1080,AMD A6-Series 9220 2.5GHz,4GB,500GB HDD,AMD Radeon 530,Windows 10,2.71kg,12195727,https://images.fpt.shop/unsafe/fit-in/filters:quality(90)/fptshop.com.vn/Uploads/images/2015/Tin-Tuc/QuanLNH2/hp-envy-13-gold-3.jpg,https://images.fpt.shop/unsafe/fit-in/filters:quality(90)/fptshop.com.vn/Uploads/images/2015/Tin-Tuc/QuanLNH2/hp-envy-13-gold-3.jpg,https://images.fpt.shop/unsafe/fit-in/filters:quality(90)/fptshop.com.vn/Uploads/images/2015/Tin-Tuc/QuanLNH2/hp-envy-13-gold-3.jpg,https://images.fpt.shop/unsafe/fit-in/filters:quality(90)/fptshop.com.vn/Uploads/images/2015/Tin-Tuc/QuanLNH2/hp-envy-13-gold-4.jpg,Bộ sạc + hướng dẫn sử dụng,68,51
250 G6,Laptop,simple,HP,HP,"Catalog, Search",250 G6,Một sản phẩm phù hợp với các bạn sinh viên.,Notebook,15.6,1366x768,Intel Core i5 7200U 2.5GHz,4GB,1TB HDD,Intel HD Graphics 620,Windows 10,1.86kg,13576150,https://images.fpt.shop/unsafe/fit-in/filters:quality(90)/fptshop.com.vn/Uploads/images/2015/Tin-Tuc/QuanLNH2/hp-envy-13-gold-5.jpg,https://images.fpt.shop/unsafe/fit-in/filters:quality(90)/fptshop.com.vn/Uploads/images/2015/Tin-Tuc/QuanLNH2/hp-envy-13-gold-5.jpg,https://images.fpt.shop/unsafe/fit-in/filters:quality(90)/fptshop.com.vn/Uploads/images/2015/Tin-Tuc/QuanLNH2/hp-envy-13-gold-5.jpg,https://images.fpt.shop/unsafe/fit-in/filters:quality(90)/fptshop.com.vn/Uploads/images/2015/Tin-Tuc/QuanLNH2/hp-envy-13-gold-6.jpg,Bộ sạc + hướng dẫn sử dụng,69,52
ProBook 450,Laptop,simple,HP,HP,"Catalog, Search",ProBook 450,Một sản phẩm phù hợp với các bạn sinh viên.,Notebook,15.6,Full HD 1920x1080,Intel Core i5 8250U 1.6GHz,8GB,256GB SSD,Nvidia GeForce 930MX ,Windows 10,2.1kg,24419235,https://images.fpt.shop/unsafe/fit-in/filters:quality(90)/fptshop.com.vn/Uploads/images/2015/Tin-Tuc/QuanLNH2/hp-envy-13-gold-7.jpg,https://images.fpt.shop/unsafe/fit-in/filters:quality(90)/fptshop.com.vn/Uploads/images/2015/Tin-Tuc/QuanLNH2/hp-envy-13-gold-7.jpg,https://images.fpt.shop/unsafe/fit-in/filters:quality(90)/fptshop.com.vn/Uploads/images/2015/Tin-Tuc/QuanLNH2/hp-envy-13-gold-7.jpg,https://images.fpt.shop/unsafe/fit-in/filters:quality(90)/fptshop.com.vn/Uploads/images/2015/Tin-Tuc/QuanLNH2/hp-envy-13-gold-8.jpg,Bộ sạc + hướng dẫn sử dụng,70,53
255 G6,Laptop,simple,HP,HP,"Catalog, Search",255 G6,Một sản phẩm phù hợp với các bạn sinh viên.,Notebook,15.6,Full HD 1920x1080,AMD A6-Series 9220 2.5GHz,4GB,256GB SSD,AMD Radeon R4 Graphics,Windows 10,1.86kg,11070331,https://images.fpt.shop/unsafe/fit-in/filters:quality(90)/fptshop.com.vn/Uploads/images/2015/Tin-Tuc/QuanLNH2/hp-envy-13-gold-9.jpg,https://images.fpt.shop/unsafe/fit-in/filters:quality(90)/fptshop.com.vn/Uploads/images/2015/Tin-Tuc/QuanLNH2/hp-envy-13-gold-9.jpg,https://images.fpt.shop/unsafe/fit-in/filters:quality(90)/fptshop.com.vn/Uploads/images/2015/Tin-Tuc/QuanLNH2/hp-envy-13-gold-9.jpg,https://images.fpt.shop/unsafe/fit-in/filters:quality(90)/fptshop.com.vn/Uploads/images/2015/Tin-Tuc/QuanLNH2/hp-envy-13-gold-10.jpg,Bộ sạc + hướng dẫn sử dụng,71,54
IdeaPad 320-15IKB,Laptop,simple,Lenovo,Lenovo,"Catalog, Search",IdeaPad 320-15IKB,Một sản phẩm phù hợp với các bạn sinh viên.,Notebook,15.6,Full HD 1920x1080,Intel Core i3 7100U 2.4GHz,8GB,1TB HDD,Nvidia GeForce 940MX,No OS,2.2kg,13862569,https://fptshop.com.vn/Uploads/images/2015/Tin-Tuc/QuanLNH2/lenovo-laptop-thinkpad-x1-carbon-gen-8-1.jpg,https://fptshop.com.vn/Uploads/images/2015/Tin-Tuc/QuanLNH2/lenovo-laptop-thinkpad-x1-carbon-gen-8-1.jpg,https://fptshop.com.vn/Uploads/images/2015/Tin-Tuc/QuanLNH2/lenovo-laptop-thinkpad-x1-carbon-gen-8-1.jpg,https://fptshop.com.vn/Uploads/images/2015/Tin-Tuc/QuanLNH2/lenovo-laptop-thinkpad-x1-carbon-gen-8-2.jpg,Bộ sạc + hướng dẫn sử dụng,72,55
Legion Y520-15IKBN,Laptop,simple,Lenovo,Lenovo,"Catalog, Search",Legion Y520-15IKBN,Một sản phẩm phù hợp với các bạn sinh viên.,Gaming,15.6,IPS Panel Full HD 1920x1080,Intel Core i5 7300HQ 2.5GHz,8GB,128GB SSD +  1TB HDD,Nvidia GeForce GTX 1050,Windows 10,2.5kg,27752919,https://fptshop.com.vn/Uploads/images/2015/Tin-Tuc/QuanLNH2/lenovo-laptop-thinkpad-x1-carbon-gen-8-3.jpg,https://fptshop.com.vn/Uploads/images/2015/Tin-Tuc/QuanLNH2/lenovo-laptop-thinkpad-x1-carbon-gen-8-3.jpg,https://fptshop.com.vn/Uploads/images/2015/Tin-Tuc/QuanLNH2/lenovo-laptop-thinkpad-x1-carbon-gen-8-3.jpg,https://fptshop.com.vn/Uploads/images/2015/Tin-Tuc/QuanLNH2/lenovo-laptop-thinkpad-x1-carbon-gen-8-4.jpg,Bộ sạc + hướng dẫn sử dụng,73,56
IdeaPad 120S-14IAP,Laptop,simple,Lenovo,Lenovo,"Catalog, Search",IdeaPad 120S-14IAP,Một sản phẩm phù hợp với các bạn sinh viên.,Notebook,14,1366x768,Intel Celeron Dual Core N3350 1.1GHz,4GB,64GB Flash Storage,Intel HD Graphics 500,Windows 10,1.44kg,6917394,https://fptshop.com.vn/Uploads/images/2015/Tin-Tuc/QuanLNH2/lenovo-laptop-thinkpad-x1-carbon-gen-8-5.jpg,https://fptshop.com.vn/Uploads/images/2015/Tin-Tuc/QuanLNH2/lenovo-laptop-thinkpad-x1-carbon-gen-8-5.jpg,https://fptshop.com.vn/Uploads/images/2015/Tin-Tuc/QuanLNH2/lenovo-laptop-thinkpad-x1-carbon-gen-8-5.jpg,https://fptshop.com.vn/Uploads/images/2015/Tin-Tuc/QuanLNH2/lenovo-laptop-thinkpad-x1-carbon-gen-8-6.jpg,Bộ sạc + hướng dẫn sử dụng,74,57
IdeaPad 320-15ISK,Laptop,simple,Lenovo,Lenovo,"Catalog, Search",IdeaPad 320-15ISK,Một sản phẩm phù hợp với các bạn sinh viên.,Notebook,15.6,1366x768,Intel Core i3 6006U 2GHz,4GB,128GB SSD,Intel HD Graphics 520,No OS,2.2kg,10251078,https://fptshop.com.vn/Uploads/images/2015/Tin-Tuc/QuanLNH2/lenovo-laptop-thinkpad-x1-carbon-gen-8-7.jpg,https://fptshop.com.vn/Uploads/images/2015/Tin-Tuc/QuanLNH2/lenovo-laptop-thinkpad-x1-carbon-gen-8-7.jpg,https://fptshop.com.vn/Uploads/images/2015/Tin-Tuc/QuanLNH2/lenovo-laptop-thinkpad-x1-carbon-gen-8-7.jpg,https://fptshop.com.vn/Uploads/images/2015/Tin-Tuc/QuanLNH2/lenovo-laptop-thinkpad-x1-carbon-gen-8-8.jpg,Bộ sạc + hướng dẫn sử dụng,75,58
Yoga Book,Laptop,simple,Lenovo,Lenovo,"Catalog, Search",Yoga Book,Một sản phẩm phù hợp với các bạn sinh viên.,2 in 1 Convertible,10.1,IPS Panel Touchscreen 1920x1200,Intel Atom x5-Z8550 1.44GHz,4GB,64GB Flash Storage,Intel HD Graphics 400,Android,0.69kg,8862043,https://fptshop.com.vn/Uploads/images/2015/Tin-Tuc/QuanLNH2/lenovo-laptop-thinkpad-x1-carbon-gen-8-9.jpg,https://fptshop.com.vn/Uploads/images/2015/Tin-Tuc/QuanLNH2/lenovo-laptop-thinkpad-x1-carbon-gen-8-9.jpg,https://fptshop.com.vn/Uploads/images/2015/Tin-Tuc/QuanLNH2/lenovo-laptop-thinkpad-x1-carbon-gen-8-9.jpg,https://fptshop.com.vn/Uploads/images/2015/Tin-Tuc/QuanLNH2/lenovo-laptop-thinkpad-x1-carbon-gen-8-10.jpg,Bộ sạc + hướng dẫn sử dụng,76,59
IdeaPad 520S-14IKB,Laptop,simple,Lenovo,Lenovo,"Catalog, Search",IdeaPad 520S-14IKB,Một sản phẩm phù hợp với các bạn sinh viên.,Notebook,14,IPS Panel Full HD 1920x1080,Intel Core i3 7130U 2.7GHz,8GB,256GB SSD,Intel HD Graphics 620,No OS,1.7kg,16640639,https://fptshop.com.vn/Uploads/images/2015/Tin-Tuc/QuanLNH2/lenovo-laptop-thinkpad-x1-carbon-gen-8-11.jpg,https://fptshop.com.vn/Uploads/images/2015/Tin-Tuc/QuanLNH2/lenovo-laptop-thinkpad-x1-carbon-gen-8-11.jpg,https://fptshop.com.vn/Uploads/images/2015/Tin-Tuc/QuanLNH2/lenovo-laptop-thinkpad-x1-carbon-gen-8-11.jpg,https://fptshop.com.vn/Uploads/images/2015/Tin-Tuc/QuanLNH2/lenovo-laptop-thinkpad-x1-carbon-gen-8-12.jpg,Bộ sạc + hướng dẫn sử dụng,77,60
V310-15ISK (i5-7200U/4GB/1TB/FHD/W10),Laptop,simple,Lenovo,Lenovo,"Catalog, Search",V310-15ISK (i5-7200U/4GB/1TB/FHD/W10),Một sản phẩm phù hợp với các bạn sinh viên.,Notebook,15.6,Full HD 1920x1080,Intel Core i5 7200U 2.5GHz,4GB,1TB HDD,Intel HD Graphics 620,Windows 10,1.9kg,15251604,https://fptshop.com.vn/Uploads/images/2015/Tin-Tuc/QuanLNH2/lenovo-laptop-thinkpad-x1-carbon-gen-8-13.jpg,https://fptshop.com.vn/Uploads/images/2015/Tin-Tuc/QuanLNH2/lenovo-laptop-thinkpad-x1-carbon-gen-8-13.jpg,https://fptshop.com.vn/Uploads/images/2015/Tin-Tuc/QuanLNH2/lenovo-laptop-thinkpad-x1-carbon-gen-8-13.jpg,https://fptshop.com.vn/Uploads/images/2015/Tin-Tuc/QuanLNH2/lenovo-laptop-thinkpad-x1-carbon-gen-8-14.jpg,Bộ sạc + hướng dẫn sử dụng,78,61
IdeaPad 320-15IKBN,Laptop,simple,Lenovo,Lenovo,"Catalog, Search",IdeaPad 320-15IKBN,Một sản phẩm phù hợp với các bạn sinh viên.,Notebook,15.6,Full HD 1920x1080,Intel Core i5 7200U 2.5GHz,8GB,2TB HDD,Intel HD Graphics 620,No OS,2.2kg,14418183,https://fptshop.com.vn/Uploads/images/2015/Tin-Tuc/QuanLNH2/lenovo-laptop-thinkpad-x1-carbon-gen-8-15.jpg,https://fptshop.com.vn/Uploads/images/2015/Tin-Tuc/QuanLNH2/lenovo-laptop-thinkpad-x1-carbon-gen-8-15.jpg,https://fptshop.com.vn/Uploads/images/2015/Tin-Tuc/QuanLNH2/lenovo-laptop-thinkpad-x1-carbon-gen-8-15.jpg,https://fptshop.com.vn/Uploads/images/2015/Tin-Tuc/QuanLNH2/lenovo-laptop-thinkpad-x1-carbon-gen-8-16.jpg,Bộ sạc + hướng dẫn sử dụng,79,62
IdeaPad 320-15AST,Laptop,simple,Lenovo,Lenovo,"Catalog, Search",IdeaPad 320-15AST,Một sản phẩm phù hợp với các bạn sinh viên.,Notebook,15.6,Full HD 1920x1080,AMD A6-Series 9220 2.5GHz,4GB,128GB SSD,AMD R4 Graphics,Windows 10,2.2kg,11084499,https://fptshop.com.vn/Uploads/images/2015/Tin-Tuc/QuanLNH2/lenovo-laptop-thinkpad-x1-carbon-gen-8-17.jpg,https://fptshop.com.vn/Uploads/images/2015/Tin-Tuc/QuanLNH2/lenovo-laptop-thinkpad-x1-carbon-gen-8-17.jpg,https://fptshop.com.vn/Uploads/images/2015/Tin-Tuc/QuanLNH2/lenovo-laptop-thinkpad-x1-carbon-gen-8-17.jpg,https://fptshop.com.vn/Uploads/images/2015/Tin-Tuc/QuanLNH2/lenovo-laptop-thinkpad-x1-carbon-gen-8-18.jpg,Bộ sạc + hướng dẫn sử dụng,80,63
Ideapad 310-15ISK,Laptop,simple,Lenovo,Lenovo,"Catalog, Search",Ideapad 310-15ISK,Một sản phẩm phù hợp với các bạn sinh viên.,Notebook,15.6,Full HD 1920x1080,Intel Core i3 6006U 2GHz,4GB,1TB HDD,Intel HD Graphics 520,Windows 10,1.85kg,11526212,https://fptshop.com.vn/Uploads/images/2015/Tin-Tuc/QuanLNH2/lenovo-laptop-thinkpad-x1-carbon-gen-8-19.jpg,https://fptshop.com.vn/Uploads/images/2015/Tin-Tuc/QuanLNH2/lenovo-laptop-thinkpad-x1-carbon-gen-8-19.jpg,https://fptshop.com.vn/Uploads/images/2015/Tin-Tuc/QuanLNH2/lenovo-laptop-thinkpad-x1-carbon-gen-8-19.jpg,https://fptshop.com.vn/Uploads/images/2015/Tin-Tuc/QuanLNH2/lenovo-laptop-thinkpad-x1-carbon-gen-8-20.jpg,Bộ sạc + hướng dẫn sử dụng,81,64
GS73VR 7RG,Laptop,simple,MSI,MSI,"Catalog, Search",GS73VR 7RG,Một sản phẩm phù hợp với các bạn sinh viên.,Gaming,17.3,Full HD 1920x1080,Intel Core i7 7700HQ 2.8GHz,16GB,256GB SSD +  2TB HDD,Nvidia GeForce GTX 1070,Windows 10,2.43kg,68034934,https://fptshop.com.vn/Uploads/images/2015/Tin-Tuc/QuanLNH2/msi-leopard-gl65-1.jpg,https://fptshop.com.vn/Uploads/images/2015/Tin-Tuc/QuanLNH2/msi-leopard-gl65-1.jpg,https://fptshop.com.vn/Uploads/images/2015/Tin-Tuc/QuanLNH2/msi-leopard-gl65-1.jpg,https://fptshop.com.vn/Uploads/images/2015/Tin-Tuc/QuanLNH2/msi-leopard-gl65-2.jpg,Bộ sạc + hướng dẫn sử dụng,82,65
GL72M 7RDX,Laptop,simple,MSI,MSI,"Catalog, Search",GL72M 7RDX,Một sản phẩm phù hợp với các bạn sinh viên.,Gaming,17.3,Full HD 1920x1080,Intel Core i5 7300HQ 2.5GHz,8GB,128GB SSD +  1TB HDD,Nvidia GeForce GTX 1050,Windows 10,2.7kg,30419867,https://fptshop.com.vn/Uploads/images/2015/Tin-Tuc/QuanLNH2/msi-leopard-gl65-3.jpg,https://fptshop.com.vn/Uploads/images/2015/Tin-Tuc/QuanLNH2/msi-leopard-gl65-3.jpg,https://fptshop.com.vn/Uploads/images/2015/Tin-Tuc/QuanLNH2/msi-leopard-gl65-3.jpg,https://fptshop.com.vn/Uploads/images/2015/Tin-Tuc/QuanLNH2/msi-leopard-gl65-4.jpg,Bộ sạc + hướng dẫn sử dụng,83,66
GP62M 7REX,Laptop,simple,MSI,MSI,"Catalog, Search",GP62M 7REX,Một sản phẩm phù hợp với các bạn sinh viên.,Gaming,15.6,Full HD 1920x1080,Intel Core i7 7700HQ 2.8GHz,16GB,256GB SSD +  1TB HDD,Nvidia GeForce GTX 1050 Ti,Windows 10,2.2kg,36087129,https://fptshop.com.vn/Uploads/images/2015/Tin-Tuc/QuanLNH2/msi-leopard-gl65-5.jpg,https://fptshop.com.vn/Uploads/images/2015/Tin-Tuc/QuanLNH2/msi-leopard-gl65-5.jpg,https://fptshop.com.vn/Uploads/images/2015/Tin-Tuc/QuanLNH2/msi-leopard-gl65-5.jpg,https://fptshop.com.vn/Uploads/images/2015/Tin-Tuc/QuanLNH2/msi-leopard-gl65-6.jpg,Bộ sạc + hướng dẫn sử dụng,84,67
GS63VR 7RG,Laptop,simple,MSI,MSI,"Catalog, Search",GS63VR 7RG,Một sản phẩm phù hợp với các bạn sinh viên.,Gaming,15.6,Full HD 1920x1080,Intel Core i7 7700HQ 2.8GHz,16GB,256GB SSD +  2TB HDD,Nvidia GeForce GTX 1070,Windows 10,1.8kg,62270439,https://fptshop.com.vn/Uploads/images/2015/Tin-Tuc/QuanLNH2/msi-leopard-gl65-7.jpg,https://fptshop.com.vn/Uploads/images/2015/Tin-Tuc/QuanLNH2/msi-leopard-gl65-7.jpg,https://fptshop.com.vn/Uploads/images/2015/Tin-Tuc/QuanLNH2/msi-leopard-gl65-7.jpg,https://fptshop.com.vn/Uploads/images/2015/Tin-Tuc/QuanLNH2/msi-leopard-gl65-8.jpg,Bộ sạc + hướng dẫn sử dụng,85,68
GE72MVR 7RG,Laptop,simple,MSI,MSI,"Catalog, Search",GE72MVR 7RG,Một sản phẩm phù hợp với các bạn sinh viên.,Gaming,17.3,Full HD 1920x1080,Intel Core i7 7700HQ 2.8GHz,16GB,256GB SSD +  1TB HDD,Nvidia GeForce GTX 1070,Windows 10,2.9kg,56367040,https://fptshop.com.vn/Uploads/images/2015/Tin-Tuc/QuanLNH2/msi-leopard-gl65-9.jpg,https://fptshop.com.vn/Uploads/images/2015/Tin-Tuc/QuanLNH2/msi-leopard-gl65-9.jpg,https://fptshop.com.vn/Uploads/images/2015/Tin-Tuc/QuanLNH2/msi-leopard-gl65-9.jpg,https://fptshop.com.vn/Uploads/images/2015/Tin-Tuc/QuanLNH2/msi-leopard-gl65-10.jpg,Bộ sạc + hướng dẫn sử dụng,86,69
GE73VR 7RE,Laptop,simple,MSI,MSI,"Catalog, Search",GE73VR 7RE,Một sản phẩm phù hợp với các bạn sinh viên.,Gaming,17.3,Full HD 1920x1080,Intel Core i7 7700HQ 2.8GHz,16GB,256GB SSD +  1TB HDD,Nvidia GeForce GTX 1060,Windows 10,2.8kg,52505523,https://fptshop.com.vn/Uploads/images/2015/Tin-Tuc/QuanLNH2/msi-bravo-15-fpt-1.jpg,https://fptshop.com.vn/Uploads/images/2015/Tin-Tuc/QuanLNH2/msi-bravo-15-fpt-1.jpg,https://fptshop.com.vn/Uploads/images/2015/Tin-Tuc/QuanLNH2/msi-bravo-15-fpt-1.jpg,https://fptshop.com.vn/Uploads/images/2015/Tin-Tuc/QuanLNH2/msi-bravo-15-fpt-2.jpg,Bộ sạc + hướng dẫn sử dụng,87,70
GE63VR 7RE,Laptop,simple,MSI,MSI,"Catalog, Search",GE63VR 7RE,Một sản phẩm phù hợp với các bạn sinh viên.,Gaming,15.6,IPS Panel Full HD 1920x1080,Intel Core i7 7700HQ 2.8GHz,16GB,256GB SSD +  1TB HDD,Nvidia GeForce GTX 1060,Windows 10,2.4kg,49977479,https://fptshop.com.vn/Uploads/images/2015/Tin-Tuc/QuanLNH2/msi-bravo-15-fpt-3.jpg,https://fptshop.com.vn/Uploads/images/2015/Tin-Tuc/QuanLNH2/msi-bravo-15-fpt-3.jpg,https://fptshop.com.vn/Uploads/images/2015/Tin-Tuc/QuanLNH2/msi-bravo-15-fpt-3.jpg,https://fptshop.com.vn/Uploads/images/2015/Tin-Tuc/QuanLNH2/msi-bravo-15-fpt-4.jpg,Bộ sạc + hướng dẫn sử dụng,88,71
GT80S 6QF-074US,Laptop,simple,MSI,MSI,"Catalog, Search",GT80S 6QF-074US,Một sản phẩm phù hợp với các bạn sinh viên.,Gaming,18.4,Full HD 1920x1080,Intel Core i7 6920HQ 2.9GHz,32GB,512GB SSD +  1TB HDD,Nvidia GTX 980 SLI,Windows 10,4.4kg,77758179,https://fptshop.com.vn/Uploads/images/2015/Tin-Tuc/QuanLNH2/msi-bravo-15-fpt-5.jpg,https://fptshop.com.vn/Uploads/images/2015/Tin-Tuc/QuanLNH2/msi-bravo-15-fpt-5.jpg,https://fptshop.com.vn/Uploads/images/2015/Tin-Tuc/QuanLNH2/msi-bravo-15-fpt-5.jpg,https://fptshop.com.vn/Uploads/images/2015/Tin-Tuc/QuanLNH2/msi-bravo-15-fpt-6.jpg,Bộ sạc + hướng dẫn sử dụng,89,72
GT73EVR 7RE,Laptop,simple,MSI,MSI,"Catalog, Search",GT73EVR 7RE,Một sản phẩm phù hợp với các bạn sinh viên.,Gaming,17.3,Full HD 1920x1080,Intel Core i7 7700HQ 2.8GHz,16GB,512GB SSD +  1TB HDD,Nvidia GeForce GTX 1070,Windows 10,4.14kg,69423969,https://fptshop.com.vn/Uploads/images/2015/Tin-Tuc/QuanLNH2/msi-bravo-15-fpt-7.jpg,https://fptshop.com.vn/Uploads/images/2015/Tin-Tuc/QuanLNH2/msi-bravo-15-fpt-7.jpg,https://fptshop.com.vn/Uploads/images/2015/Tin-Tuc/QuanLNH2/msi-bravo-15-fpt-7.jpg,https://fptshop.com.vn/Uploads/images/2015/Tin-Tuc/QuanLNH2/msi-bravo-15-fpt-8.jpg,Bộ sạc + hướng dẫn sử dụng,90,73
GE63VR 7RF,Laptop,simple,MSI,MSI,"Catalog, Search",GE63VR 7RF,Một sản phẩm phù hợp với các bạn sinh viên.,Gaming,15.6,IPS Panel Full HD 1920x1080,Intel Core i7 7700HQ 2.8GHz,16GB,256GB SSD +  1TB HDD,Nvidia GeForce GTX 1070,Windows 10,2.8kg,58311689,https://fptshop.com.vn/Uploads/images/2015/Tin-Tuc/QuanLNH2/msi-bravo-15-fpt-9.jpg,https://fptshop.com.vn/Uploads/images/2015/Tin-Tuc/QuanLNH2/msi-bravo-15-fpt-9.jpg,https://fptshop.com.vn/Uploads/images/2015/Tin-Tuc/QuanLNH2/msi-bravo-15-fpt-9.jpg,https://fptshop.com.vn/Uploads/images/2015/Tin-Tuc/QuanLNH2/msi-bravo-15-fpt-10.jpg,Bộ sạc + hướng dẫn sử dụng,91,74
Chromebook 3,Laptop,simple,Samsung,Samsung,"Catalog, Search",Chromebook 3,Một sản phẩm phù hợp với các bạn sinh viên.,Netbook,11.6,1366x768,Intel Celeron Dual Core N3060 1.6GHz,4GB,16GB Flash Storage,Intel HD Graphics 400,Chrome OS,1.15kg,7473008,"https://images-na.ssl-images-amazon.com/images/I/614FX0jg1jL._SR400,400_.jpg","https://images-na.ssl-images-amazon.com/images/I/614FX0jg1jL._SR400,400_.jpg","https://images-na.ssl-images-amazon.com/images/I/614FX0jg1jL._SR400,400_.jpg",https://images-na.ssl-images-amazon.com/images/I/61YxENglXFL.jpg,Bộ sạc + hướng dẫn sử dụng,92,75
Notebook Odyssey,Laptop,simple,Samsung,Samsung,"Catalog, Search",Notebook Odyssey,Một sản phẩm phù hợp với các bạn sinh viên.,Notebook,15.6,Full HD 1920x1080,Intel Core i7 7700HQ 2.8GHz,16GB,128GB SSD +  1TB HDD,Nvidia GeForce GTX 1050,Windows 10,2.5kg,47199409,https://images-na.ssl-images-amazon.com/images/I/51q3XjrareL.jpg,https://images-na.ssl-images-amazon.com/images/I/51q3XjrareL.jpg,https://images-na.ssl-images-amazon.com/images/I/51q3XjrareL.jpg,https://images-na.ssl-images-amazon.com/images/I/61He1MuJv5L.jpg,Bộ sạc + hướng dẫn sử dụng,93,76
Notebook 9,Laptop,simple,Samsung,Samsung,"Catalog, Search",Notebook 9,Một sản phẩm phù hợp với các bạn sinh viên.,Ultrabook,13.3,Full HD 1920x1080,Intel Core i7 7500U 2.7GHz,16GB,256GB SSD,Intel HD Graphics 620,Windows 10,0.81kg,45810374,https://images-na.ssl-images-amazon.com/images/I/51MUB0EBEQL.jpg,https://images-na.ssl-images-amazon.com/images/I/51MUB0EBEQL.jpg,https://images-na.ssl-images-amazon.com/images/I/51MUB0EBEQL.jpg,"https://images-na.ssl-images-amazon.com/images/I/61He1MuJv5L._SR400,400_.jpg",Bộ sạc + hướng dẫn sử dụng,94,77
Notebook 9,Laptop,simple,Samsung,Samsung,"Catalog, Search",Notebook 9,Một sản phẩm phù hợp với các bạn sinh viên.,Ultrabook,13.3,Full HD / Touchscreen 1920x1080,Intel Core i7 7500U 2.7GHz,8GB,256GB SSD,Intel HD Graphics 620,Windows 10,1.31kg,44421339,https://images-na.ssl-images-amazon.com/images/I/51xZBupOZML.jpg,https://images-na.ssl-images-amazon.com/images/I/51xZBupOZML.jpg,https://images-na.ssl-images-amazon.com/images/I/51xZBupOZML.jpg,https://images-na.ssl-images-amazon.com/images/I/614FX0jg1jL.jpg,Bộ sạc + hướng dẫn sử dụng,95,78
Notebook 9,Laptop,simple,Samsung,Samsung,"Catalog, Search",Notebook 9,Một sản phẩm phù hợp với các bạn sinh viên.,2 in 1 Convertible,15,Full HD / Touchscreen 1920x1080,Intel Core i7 7500U 2.7GHz,16GB,256GB SSD,AMD Radeon 540,Windows 10,1.71kg,49977479,https://images-na.ssl-images-amazon.com/images/I/61He1MuJv5L.jpg,https://images-na.ssl-images-amazon.com/images/I/61He1MuJv5L.jpg,https://images-na.ssl-images-amazon.com/images/I/61He1MuJv5L.jpg,"https://images-na.ssl-images-amazon.com/images/I/614FX0jg1jL._SR400,400_.jpg",Bộ sạc + hướng dẫn sử dụng,96,79
Notebook 9,Laptop,simple,Samsung,Samsung,"Catalog, Search",Notebook 9,Một sản phẩm phù hợp với các bạn sinh viên.,Ultrabook,13.3,Full HD 1920x1080,Intel Core i5 7200U 2.5GHz,8GB,256GB SSD,Intel HD Graphics 620,Windows 10,0.81kg,41643269,https://images-na.ssl-images-amazon.com/images/I/61YxENglXFL.jpg,https://images-na.ssl-images-amazon.com/images/I/61YxENglXFL.jpg,https://images-na.ssl-images-amazon.com/images/I/61YxENglXFL.jpg,https://images-na.ssl-images-amazon.com/images/I/51xZBupOZML.jpg,Bộ sạc + hướng dẫn sử dụng,97,80
Notebook 9,Laptop,simple,Samsung,Samsung,"Catalog, Search",Notebook 9,Một sản phẩm phù hợp với các bạn sinh viên.,Ultrabook,15,Full HD 1920x1080,Intel Core i7 7500U 2.7GHz,16GB,256GB SSD,Nvidia GeForce 940MX,Windows 10,1.23kg,51366514,https://images-na.ssl-images-amazon.com/images/I/614FX0jg1jL.jpg,https://images-na.ssl-images-amazon.com/images/I/614FX0jg1jL.jpg,https://images-na.ssl-images-amazon.com/images/I/614FX0jg1jL.jpg,"https://images-na.ssl-images-amazon.com/images/I/51xZBupOZML._SR400,400_.jpg",Bộ sạc + hướng dẫn sử dụng,98,81
Notebook 9,Laptop,simple,Samsung,Samsung,"Catalog, Search",Notebook 9,Một sản phẩm phù hợp với các bạn sinh viên.,Ultrabook,15,Full HD 1920x1080,Intel Core i7 7500U 2.7GHz,8GB,256GB SSD,Intel HD Graphics 620,Windows 10,1.17kg,47199409,"https://images-na.ssl-images-amazon.com/images/I/51MUB0EBEQL._SR400,400_.jpg","https://images-na.ssl-images-amazon.com/images/I/51MUB0EBEQL._SR400,400_.jpg","https://images-na.ssl-images-amazon.com/images/I/51MUB0EBEQL._SR400,400_.jpg",https://images-na.ssl-images-amazon.com/images/I/51q3XjrareL.jpg,Bộ sạc + hướng dẫn sử dụng,99,82
Chromebook Plus,Laptop,simple,Samsung,Samsung,"Catalog, Search",Chromebook Plus,Một sản phẩm phù hợp với các bạn sinh viên.,2 in 1 Convertible,12.3,IPS Panel Touchscreen 2400x1600,Samsung Cortex A72&A53 2.0GHz,4GB,32GB Flash Storage,ARM Mali T860 MP4,Chrome OS,1.15kg,18307481,"https://images-na.ssl-images-amazon.com/images/I/51xZBupOZML._SR400,400_.jpg","https://images-na.ssl-images-amazon.com/images/I/51xZBupOZML._SR400,400_.jpg","https://images-na.ssl-images-amazon.com/images/I/51xZBupOZML._SR400,400_.jpg",https://images-na.ssl-images-amazon.com/images/I/51MUB0EBEQL.jpg,Bộ sạc + hướng dẫn sử dụng,100,83
Chromebook Plus,Laptop,simple,Samsung,Samsung,"Catalog, Search",Chromebook Plus,Một sản phẩm phù hợp với các bạn sinh viên.,2 in 1 Convertible,12.3,IPS Panel Touchscreen 2400x1600,Samsung Cortex A72&A53 2.0GHz,4GB,32GB Flash Storage,ARM Mali T860 MP4,Chrome OS,1.15kg,21085551,"https://images-na.ssl-images-amazon.com/images/I/61He1MuJv5L._SR400,400_.jpg","https://images-na.ssl-images-amazon.com/images/I/61He1MuJv5L._SR400,400_.jpg","https://images-na.ssl-images-amazon.com/images/I/61He1MuJv5L._SR400,400_.jpg","https://images-na.ssl-images-amazon.com/images/I/51MUB0EBEQL._SR400,400_.jpg",Bộ sạc + hướng dẫn sử dụng,101,84
Satellite Pro,Laptop,simple,Toshiba,Toshiba,"Catalog, Search",Satellite Pro,Một sản phẩm phù hợp với các bạn sinh viên.,Notebook,15.6,1366x768,Intel Core i5 6200U 2.3GHz,4GB,500GB HDD,Intel HD Graphics 520,Windows 10,2.1kg,16723981,https://images-na.ssl-images-amazon.com/images/I/61XVCN5ZuJL.jpg,https://images-na.ssl-images-amazon.com/images/I/61XVCN5ZuJL.jpg,https://images-na.ssl-images-amazon.com/images/I/61XVCN5ZuJL.jpg,https://images-na.ssl-images-amazon.com/images/I/71x-gc10lVL.jpg,Bộ sạc + hướng dẫn sử dụng,102,85
Satellite Pro,Laptop,simple,Toshiba,Toshiba,"Catalog, Search",Satellite Pro,Một sản phẩm phù hợp với các bạn sinh viên.,Notebook,15.6,1366x768,Intel Core i3 6006U 2.2GHz,4GB,500GB HDD,Intel HD Graphics 520,Windows 10,2.1kg,12417973,https://images-na.ssl-images-amazon.com/images/I/616T0aXZytL.jpg,https://images-na.ssl-images-amazon.com/images/I/616T0aXZytL.jpg,https://images-na.ssl-images-amazon.com/images/I/616T0aXZytL.jpg,https://images-na.ssl-images-amazon.com/images/I/71G72FtLibL.jpg,Bộ sạc + hướng dẫn sử dụng,103,86
Satellite Pro,Laptop,simple,Toshiba,Toshiba,"Catalog, Search",Satellite Pro,Một sản phẩm phù hợp với các bạn sinh viên.,Notebook,15.6,1366x768,Intel Core i3 7100U 2.4GHz,4GB,500GB HDD,Intel HD Graphics 620,Windows 10,2kg,13584762,https://images-na.ssl-images-amazon.com/images/I/61x9vVD77zL.jpg,https://images-na.ssl-images-amazon.com/images/I/61x9vVD77zL.jpg,https://images-na.ssl-images-amazon.com/images/I/61x9vVD77zL.jpg,https://images-na.ssl-images-amazon.com/images/I/71G72FtLibL.jpg,Bộ sạc + hướng dẫn sử dụng,104,87
Satellite Pro,Laptop,simple,Toshiba,Toshiba,"Catalog, Search",Satellite Pro,Một sản phẩm phù hợp với các bạn sinh viên.,Notebook,15.6,1366x768,Intel Core i5 7200U 2.5GHz,8GB,128GB SSD,Intel HD Graphics 620,Windows 10,2.0kg,22030095,https://images-na.ssl-images-amazon.com/images/I/6121KaFvFcL.jpg,https://images-na.ssl-images-amazon.com/images/I/6121KaFvFcL.jpg,https://images-na.ssl-images-amazon.com/images/I/6121KaFvFcL.jpg,https://images-na.ssl-images-amazon.com/images/I/61XVCN5ZuJL.jpg,Bộ sạc + hướng dẫn sử dụng,105,88
Portege Z30-C-16L,Laptop,simple,Toshiba,Toshiba,"Catalog, Search",Portege Z30-C-16L,Một sản phẩm phù hợp với các bạn sinh viên.,Ultrabook,13.3,Full HD 1920x1080,Intel Core i7 6500U 2.5GHz,8GB,256GB SSD,Intel HD Graphics 520,Windows 10,1.2kg,37865094,https://images-na.ssl-images-amazon.com/images/I/61DHspctfIL.jpg,https://images-na.ssl-images-amazon.com/images/I/61DHspctfIL.jpg,https://images-na.ssl-images-amazon.com/images/I/61DHspctfIL.jpg,https://images-na.ssl-images-amazon.com/images/I/61x9vVD77zL.jpg,Bộ sạc + hướng dẫn sử dụng,106,89
Satellite Pro,Laptop,simple,Toshiba,Toshiba,"Catalog, Search",Satellite Pro,Một sản phẩm phù hợp với các bạn sinh viên.,Notebook,15.6,1366x768,Intel Core i7 6500U 2.5GHz,8GB,500GB HDD,Nvidia GeForce 930M,Windows 10,2.2kg,22557928,https://images-na.ssl-images-amazon.com/images/I/61Ti5fmkisL.jpg,https://images-na.ssl-images-amazon.com/images/I/61Ti5fmkisL.jpg,https://images-na.ssl-images-amazon.com/images/I/61Ti5fmkisL.jpg,https://images-na.ssl-images-amazon.com/images/I/61x9vVD77zL.jpg,Bộ sạc + hướng dẫn sử dụng,107,90
Satellite Pro,Laptop,simple,Toshiba,Toshiba,"Catalog, Search",Satellite Pro,Một sản phẩm phù hợp với các bạn sinh viên.,Notebook,15.6,IPS Panel Full HD 1920x1080,Intel Core i7 6500U 2.5GHz,8GB,256GB SSD,Nvidia GeForce 930M,Windows 10,2.2kg,28975270,https://images-na.ssl-images-amazon.com/images/I/71x-gc10lVL.jpg,https://images-na.ssl-images-amazon.com/images/I/71x-gc10lVL.jpg,https://images-na.ssl-images-amazon.com/images/I/71x-gc10lVL.jpg,https://images-na.ssl-images-amazon.com/images/I/61Ti5fmkisL.jpg,Bộ sạc + hướng dẫn sử dụng,108,91
Satellite Pro,Laptop,simple,Toshiba,Toshiba,"Catalog, Search",Satellite Pro,Một sản phẩm phù hợp với các bạn sinh viên.,Notebook,15.6,IPS Panel Full HD 1920x1080,Intel Core i5 7200U 2.5GHz,8GB,256GB SSD,Intel HD Graphics 620,Windows 10,2.0kg,26197200,https://images-na.ssl-images-amazon.com/images/I/71G72FtLibL.jpg,https://images-na.ssl-images-amazon.com/images/I/71G72FtLibL.jpg,https://images-na.ssl-images-amazon.com/images/I/71G72FtLibL.jpg,https://images-na.ssl-images-amazon.com/images/I/61DHspctfIL.jpg,Bộ sạc + hướng dẫn sử dụng,109,92
Tecra A50-C-21G,Laptop,simple,Toshiba,Toshiba,"Catalog, Search",Tecra A50-C-21G,Một sản phẩm phù hợp với các bạn sinh viên.,Notebook,15.6,IPS Panel Full HD 1920x1080,Intel Core i7 6500U 2.5GHz,16GB,512GB SSD,Nvidia GeForce 930M,Windows 10,2.4kg,38976322,https://images-na.ssl-images-amazon.com/images/I/71G72FtLibL.jpg,https://images-na.ssl-images-amazon.com/images/I/71G72FtLibL.jpg,https://images-na.ssl-images-amazon.com/images/I/71G72FtLibL.jpg,https://images-na.ssl-images-amazon.com/images/I/616T0aXZytL.jpg,Bộ sạc + hướng dẫn sử dụng,110,93
Portege Z30-C-16P,Laptop,simple,Toshiba,Toshiba,"Catalog, Search",Portege Z30-C-16P,Một sản phẩm phù hợp với các bạn sinh viên.,Ultrabook,13.3,Full HD 1920x1080,Intel Core i7 6500U 2.5GHz,16GB,512GB SSD,Intel HD Graphics 520,Windows 10,1.2kg,48532883,https://images-na.ssl-images-amazon.com/images/I/616T0aXZytL.jpg,https://images-na.ssl-images-amazon.com/images/I/616T0aXZytL.jpg,https://images-na.ssl-images-amazon.com/images/I/616T0aXZytL.jpg,https://images-na.ssl-images-amazon.com/images/I/616T0aXZytL.jpg,Bộ sạc + hướng dẫn sử dụng,111,94
Portege X30-D-10J,Laptop,simple,Toshiba,Toshiba,"Catalog, Search",Portege X30-D-10J,Một sản phẩm phù hợp với các bạn sinh viên.,Notebook,13.3,IPS Panel Full HD 1920x1080,Intel Core i5 7200U 2.5GHz,8GB,256GB SSD,Intel HD Graphics 620,Windows 10,1.05kg,46449330,https://images-na.ssl-images-amazon.com/images/I/61x9vVD77zL.jpg,https://images-na.ssl-images-amazon.com/images/I/61x9vVD77zL.jpg,https://images-na.ssl-images-amazon.com/images/I/61x9vVD77zL.jpg,https://images-na.ssl-images-amazon.com/images/I/6121KaFvFcL.jpg,Bộ sạc + hướng dẫn sử dụng,112,95
Portege X30-D-10L,Laptop,simple,Toshiba,Toshiba,"Catalog, Search",Portege X30-D-10L,Một sản phẩm phù hợp với các bạn sinh viên.,Ultrabook,13.3,Full HD / Touchscreen 1920x1080,Intel Core i7 7500U 2.7GHz,32GB,512GB SSD,Intel HD Graphics 620,Windows 10,1.05kg,77758179,https://images-na.ssl-images-amazon.com/images/I/6121KaFvFcL.jpg,https://images-na.ssl-images-amazon.com/images/I/6121KaFvFcL.jpg,https://images-na.ssl-images-amazon.com/images/I/6121KaFvFcL.jpg,https://images-na.ssl-images-amazon.com/images/I/6121KaFvFcL.jpg,Bộ sạc + hướng dẫn sử dụng,113,96
Blade Pro,Laptop,simple,Razer,Razer,"Catalog, Search",Blade Pro,Một sản phẩm phù hợp với các bạn sinh viên.,Gaming,17.3,4K Ultra HD / Touchscreen 3840x2160,Intel Core i7 7820HK 2.9GHz,32GB,1TB SSD,Nvidia GeForce GTX 1080,Windows 10,3.49kg,169434489,https://laptop88.vn/media/lib/4464_razerblade.00_02_14_23.Still006.jpg,https://laptop88.vn/media/lib/4464_razerblade.00_02_14_23.Still006.jpg,https://laptop88.vn/media/lib/4464_razerblade.00_02_14_23.Still006.jpg,https://laptop88.vn/media/product/4464_vtv_cab_onpro_4.png,Bộ sạc + hướng dẫn sử dụng,114,97
Blade Pro,Laptop,simple,Razer,Razer,"Catalog, Search",Blade Pro,Một sản phẩm phù hợp với các bạn sinh viên.,Gaming,14,Full HD 1920x1080,Intel Core i7 7700HQ 2.8GHz,16GB,256GB SSD,Nvidia GeForce GTX 1060,Windows 10,1.95kg,72202039,https://laptop88.vn/media/lib/4464_razerblade.00_01_20_12.Still002.jpg,https://laptop88.vn/media/lib/4464_razerblade.00_01_20_12.Still002.jpg,https://laptop88.vn/media/lib/4464_razerblade.00_01_20_12.Still002.jpg,https://laptop88.vn/media/lib/4464_razerblade.00_05_44_04.Still012.jpg,Bộ sạc + hướng dẫn sử dụng,115,98
Blade Pro,Laptop,simple,Razer,Razer,"Catalog, Search",Blade Pro,Một sản phẩm phù hợp với các bạn sinh viên.,Gaming,14,Full HD 1920x1080,Intel Core i7 7700HQ 2.8GHz,16GB,512GB SSD,Nvidia GeForce GTX 1060,Windows 10,1.95kg,80536249,https://laptop88.vn/media/lib/4464_razerblade.00_01_44_15.Still004.jpg,https://laptop88.vn/media/lib/4464_razerblade.00_01_44_15.Still004.jpg,https://laptop88.vn/media/lib/4464_razerblade.00_01_44_15.Still004.jpg,https://laptop88.vn/media/lib/4464_razerblade.00_03_23_12.Still008.jpg,Bộ sạc + hướng dẫn sử dụng,116,99
Blade Stealth,Laptop,simple,Razer,Razer,"Catalog, Search",Blade Stealth,Một sản phẩm phù hợp với các bạn sinh viên.,Ultrabook,12.5,IPS Panel 4K Ultra HD / Touchscreen 3840x2160,Intel Core i7 7500U 2.5GHz,16GB,512GB SSD,Intel HD Graphics 620,Windows 10,1.29kg,49977479,https://laptop88.vn/media/lib/4464_razerblade.00_05_44_04.Still012.jpg,https://laptop88.vn/media/lib/4464_razerblade.00_05_44_04.Still012.jpg,https://laptop88.vn/media/lib/4464_razerblade.00_05_44_04.Still012.jpg,https://laptop88.vn/media/lib/4464_razerblade.00_02_55_12.Still007.jpg,Bộ sạc + hướng dẫn sử dụng,117,100
Blade Pro,Laptop,simple,Razer,Razer,"Catalog, Search",Blade Pro,Một sản phẩm phù hợp với các bạn sinh viên.,Gaming,17.3,4K Ultra HD / Touchscreen 3840x2160,Intel Core i7 7820HK 2.9GHz,32GB,512GB SSD,Nvidia GeForce GTX 1080,Windows 10,3.49kg,152766069,https://laptop88.vn/media/lib/4464_razerblade.00_01_32_05.Still003.jpg,https://laptop88.vn/media/lib/4464_razerblade.00_01_32_05.Still003.jpg,https://laptop88.vn/media/lib/4464_razerblade.00_01_32_05.Still003.jpg,https://laptop88.vn/media/lib/4464_razerblade.00_02_14_23.Still006.jpg,Bộ sạc + hướng dẫn sử dụng,118,101
Blade Stealth,Laptop,simple,Razer,Razer,"Catalog, Search",Blade Stealth,Một sản phẩm phù hợp với các bạn sinh viên.,Ultrabook,12.5,Touchscreen / 4K Ultra HD 3840x2160,Intel Core i7 6500U 2.5GHz,8GB,256GB SSD,Intel HD Graphics 520,Windows 10,1.25kg,28586340,https://laptop88.vn/media/lib/4464_razerblade.00_02_55_12.Still007.jpg,https://laptop88.vn/media/lib/4464_razerblade.00_02_55_12.Still007.jpg,https://laptop88.vn/media/lib/4464_razerblade.00_02_55_12.Still007.jpg,https://laptop88.vn/media/lib/4464_razerblade.00_01_44_15.Still004.jpg,Bộ sạc + hướng dẫn sử dụng,119,102
Blade Pro,Laptop,simple,Razer,Razer,"Catalog, Search",Blade Pro,Một sản phẩm phù hợp với các bạn sinh viên.,Gaming,14,Full HD 1920x1080,Intel Core i7 7700HQ 2.8GHz,16GB,1TB SSD,Nvidia GeForce GTX 1060,Windows 10,1.95kg,97204669,https://laptop88.vn/media/product/4464_vtv_cab_onpro_4.png,https://laptop88.vn/media/product/4464_vtv_cab_onpro_4.png,https://laptop88.vn/media/product/4464_vtv_cab_onpro_4.png,https://laptop88.vn/media/lib/4464_razerblade.00_01_32_05.Still003.jpg,Bộ sạc + hướng dẫn sử dụng,120,103
Blade X,Laptop,simple,Razer,Razer,"Catalog, Search",Blade X,Một sản phẩm phù hợp với các bạn sinh viên.,Gaming,17.3,4K Ultra HD / Touchscreen 3840x2160,Intel Core i7 7820HK 2.9GHz,32GB,512GB SSD,Nvidia GeForce GTX 1080,Windows 10,3.49kg,188880979,https://laptop88.vn/media/lib/4464_razerblade.00_01_20_12.Still002.jpg,https://laptop88.vn/media/lib/4464_razerblade.00_01_20_12.Still002.jpg,https://laptop88.vn/media/lib/4464_razerblade.00_01_20_12.Still002.jpg,https://laptop88.vn/media/lib/4464_razerblade.00_01_20_12.Still002.jpg,Bộ sạc + hướng dẫn sử dụng,121,104
Blade Y,Laptop,simple,Razer,Razer,"Catalog, Search",Blade Y,Một sản phẩm phù hợp với các bạn sinh viên.,Ultrabook,12.5,Touchscreen / 4K Ultra HD 3840x2160,Intel Core i7 6500U 2.5GHz,8GB,256GB SSD,Intel HD Graphics 520,Windows 10,1.25kg,63867829,https://laptop88.vn/media/lib/4464_razerblade.00_01_06_20.Still001.jpg,https://laptop88.vn/media/lib/4464_razerblade.00_01_06_20.Still001.jpg,https://laptop88.vn/media/lib/4464_razerblade.00_01_06_20.Still001.jpg,https://laptop88.vn/media/lib/4464_razerblade.00_01_20_12.Still002.jpg,Bộ sạc + hướng dẫn sử dụng,122,105
Blade Pro Z,Laptop,simple,Razer,Razer,"Catalog, Search",Blade Pro Z,Một sản phẩm phù hợp với các bạn sinh viên.,Gaming,14.8,Full HD 1920x1080,Intel Core i7 7700HQ 2.8GHz,16GB,1TB SSD,Nvidia GeForce GTX 1060,Windows 10,1.95kg,141653789,https://laptop88.vn/media/lib/4464_razerblade.00_03_23_12.Still008.jpg,https://laptop88.vn/media/lib/4464_razerblade.00_03_23_12.Still008.jpg,https://laptop88.vn/media/lib/4464_razerblade.00_03_23_12.Still008.jpg,https://laptop88.vn/media/lib/4464_razerblade.00_01_06_20.Still001.jpg,Bộ sạc + hướng dẫn sử dụng,123,106
Surface Laptop,Laptop,simple,Microsoft,Microsoft,"Catalog, Search",Surface Laptop,Một sản phẩm phù hợp với các bạn sinh viên.,Ultrabook,13.5,Touchscreen 2256x1504,Intel Core i5 7200U 2.5GHz,4GB,128GB SSD,Intel HD Graphics 620,Windows 10 S,1.252kg,30253182,https://fptshop.com.vn/Uploads/images/2015/Tin-Tuc/QuanLNH2/surface-pro-7-fpt-1.jpg,https://fptshop.com.vn/Uploads/images/2015/Tin-Tuc/QuanLNH2/surface-pro-7-fpt-1.jpg,https://fptshop.com.vn/Uploads/images/2015/Tin-Tuc/QuanLNH2/surface-pro-7-fpt-1.jpg,https://fptshop.com.vn/Uploads/images/2015/Tin-Tuc/QuanLNH2/surface-pro-7-fpt-2.jpg,Bộ sạc + hướng dẫn sử dụng,124,107
Surface Laptop,Laptop,simple,Microsoft,Microsoft,"Catalog, Search",Surface Laptop,Một sản phẩm phù hợp với các bạn sinh viên.,Ultrabook,13.5,Touchscreen 2256x1504,Intel Core i5 7200U 2.5GHz,8GB,256GB SSD,Intel HD Graphics 620,Windows 10 S,1.252kg,37226138,https://fptshop.com.vn/Uploads/images/2015/Tin-Tuc/QuanLNH2/surface-pro-7-fpt-3.jpg,https://fptshop.com.vn/Uploads/images/2015/Tin-Tuc/QuanLNH2/surface-pro-7-fpt-3.jpg,https://fptshop.com.vn/Uploads/images/2015/Tin-Tuc/QuanLNH2/surface-pro-7-fpt-3.jpg,https://fptshop.com.vn/Uploads/images/2015/Tin-Tuc/QuanLNH2/surface-pro-7-fpt-4.jpg,Bộ sạc + hướng dẫn sử dụng,125,108
Surface Laptop,Laptop,simple,Microsoft,Microsoft,"Catalog, Search",Surface Laptop,Một sản phẩm phù hợp với các bạn sinh viên.,Ultrabook,13.5,Touchscreen 2256x1504,Intel Core i7 7660U 2.5GHz,16GB,512GB SSD,Intel Iris Plus Graphics 640,Windows 10 S,1.25kg,71924232,https://fptshop.com.vn/Uploads/images/2015/Tin-Tuc/QuanLNH2/surface-pro-7-fpt-5.jpg,https://fptshop.com.vn/Uploads/images/2015/Tin-Tuc/QuanLNH2/surface-pro-7-fpt-5.jpg,https://fptshop.com.vn/Uploads/images/2015/Tin-Tuc/QuanLNH2/surface-pro-7-fpt-5.jpg,https://fptshop.com.vn/Uploads/images/2015/Tin-Tuc/QuanLNH2/surface-pro-7-fpt-6.jpg,Bộ sạc + hướng dẫn sử dụng,126,109
Surface Laptop,Laptop,simple,Microsoft,Microsoft,"Catalog, Search",Surface Laptop,Một sản phẩm phù hợp với các bạn sinh viên.,Ultrabook,13.5,Touchscreen 2256x1504,Intel Core M m3-7Y30 2.2GHz,4GB,128GB SSD,Intel HD Graphics 615,Windows 10 S,1.252kg,27475112,https://fptshop.com.vn/Uploads/images/2015/Tin-Tuc/QuanLNH2/surface-pro-7-fpt-7.jpg,https://fptshop.com.vn/Uploads/images/2015/Tin-Tuc/QuanLNH2/surface-pro-7-fpt-7.jpg,https://fptshop.com.vn/Uploads/images/2015/Tin-Tuc/QuanLNH2/surface-pro-7-fpt-7.jpg,https://fptshop.com.vn/Uploads/images/2015/Tin-Tuc/QuanLNH2/surface-pro-7-fpt-8.jpg,Bộ sạc + hướng dẫn sử dụng,127,110
Surface Laptop,Laptop,simple,Microsoft,Microsoft,"Catalog, Search",Surface Laptop,Một sản phẩm phù hợp với các bạn sinh viên.,Ultrabook,13.5,Touchscreen 2256x1504,Intel Core i7 7660U 2.5GHz,8GB,256GB SSD,Intel Iris Plus Graphics 640,Windows 10 S,1.25kg,49977479,https://fptshop.com.vn/Uploads/images/2015/Tin-Tuc/QuanLNH2/surface-pro-7-fpt-9.jpg,https://fptshop.com.vn/Uploads/images/2015/Tin-Tuc/QuanLNH2/surface-pro-7-fpt-9.jpg,https://fptshop.com.vn/Uploads/images/2015/Tin-Tuc/QuanLNH2/surface-pro-7-fpt-9.jpg,https://fptshop.com.vn/Uploads/images/2015/Tin-Tuc/QuanLNH2/surface-pro-7-fpt-10.jpg,Bộ sạc + hướng dẫn sử dụng,128,111
Surface Laptop,Laptop,simple,Microsoft,Microsoft,"Catalog, Search",Surface Laptop,Một sản phẩm phù hợp với các bạn sinh viên.,Ultrabook,13.5,Touchscreen 2256x1504,Intel Core i7 7600U 2.8GHz,8GB,256GB SSD,Intel Iris Plus Graphics 640,Windows 10 S,1.252kg,51890180,https://fptshop.com.vn/Uploads/images/2015/Tin-Tuc/QuanLNH2/surface-pro-7-fpt-11.jpg,https://fptshop.com.vn/Uploads/images/2015/Tin-Tuc/QuanLNH2/surface-pro-7-fpt-11.jpg,https://fptshop.com.vn/Uploads/images/2015/Tin-Tuc/QuanLNH2/surface-pro-7-fpt-11.jpg,https://fptshop.com.vn/Uploads/images/2015/Tin-Tuc/QuanLNH2/surface-pro-7-fpt-12.jpg,Bộ sạc + hướng dẫn sử dụng,129,112
