sku,attribute_set_code,product_websites,categories,vendor,visibility,name,description,producttype,screen,screen_resolution,cpu,ram,memory,vga,os,weightkg,price,base_image,small_image,thumbnail_image,additional_image,accessories,qty,max_cart_qty,pin
zenbook ux430un,Laptop,base,Laptop/Asus,Asus,"Catalog, Search",ZenBook UX430UN,Một sản phẩm phù hợp với các bạn sinh viên.,Ultrabook,14,Full HD 1920x1080,Intel Core i7 8550U 1.8GHz,16GB,512GB SSD,Nvidia GeForce MX150,Windows 10,1.3kg,"41,532,147",https://fptshop.com.vn/Uploads/images/2015/Tin-Tuc/QuanLNH2/asus-zenbook-ux425-1.jpg,https://fptshop.com.vn/Uploads/images/2015/Tin-Tuc/QuanLNH2/asus-zenbook-ux425-1.jpg,https://fptshop.com.vn/Uploads/images/2015/Tin-Tuc/QuanLNH2/asus-zenbook-ux425-1.jpg,https://fptshop.com.vn/Uploads/images/2015/Tin-Tuc/QuanLNH2/asus-zenbook-ux425-2.jpg,Bộ sạc + hướng dẫn sử dụng,20,3,Lithium 4 cells
vivobook e200ha,Laptop,base,Laptop/Asus,Asus,"Catalog, Search",Vivobook E200HA,Một sản phẩm phù hợp với các bạn sinh viên.,Notebook,11.6,1366x768,Intel Atom x5-Z8350 1.44GHz,2GB,32GB Flash Storage,Intel HD Graphics 400,Windows 10,0.98kg,"5,331,116",https://fptshop.com.vn/Uploads/images/2015/Tin-Tuc/QuanLNH2/asus-zenbook-ux425-3.jpg,https://fptshop.com.vn/Uploads/images/2015/Tin-Tuc/QuanLNH2/asus-zenbook-ux425-3.jpg,https://fptshop.com.vn/Uploads/images/2015/Tin-Tuc/QuanLNH2/asus-zenbook-ux425-3.jpg,https://fptshop.com.vn/Uploads/images/2015/Tin-Tuc/QuanLNH2/asus-zenbook-ux425-4.jpg,Bộ sạc + hướng dẫn sử dụng,20,3,Lithium 4 cells
e402wa-ga010t (e2-6110/2gb/32gb/w10),Laptop,base,Laptop/Asus,Asus,"Catalog, Search",E402WA-GA010T (E2-6110/2GB/32GB/W10),Một sản phẩm phù hợp với các bạn sinh viên.,Notebook,14,1366x768,AMD E-Series E2-6110 1.5GHz,2GB,32GB Flash Storage,AMD Radeon R2,Windows 10,1.65kg,"5,528,359",https://fptshop.com.vn/Uploads/images/2015/Tin-Tuc/QuanLNH2/asus-zenbook-ux425-5.jpg,https://fptshop.com.vn/Uploads/images/2015/Tin-Tuc/QuanLNH2/asus-zenbook-ux425-5.jpg,https://fptshop.com.vn/Uploads/images/2015/Tin-Tuc/QuanLNH2/asus-zenbook-ux425-5.jpg,https://fptshop.com.vn/Uploads/images/2015/Tin-Tuc/QuanLNH2/asus-zenbook-ux425-6.jpg,Bộ sạc + hướng dẫn sử dụng,20,3,Lithium 4 cells
x540ua-dm186 (i3-6006u/4gb/1tb/fhd/linux),Laptop,base,Laptop/Asus,Asus,"Catalog, Search",X540UA-DM186 (i3-6006U/4GB/1TB/FHD/Linux),Một sản phẩm phù hợp với các bạn sinh viên.,Notebook,15.6,Full HD 1920x1080,Intel Core i3 6006U 2GHz,4GB,1TB HDD,Intel HD Graphics 620,Linux,2kg,"10,806,692",https://fptshop.com.vn/Uploads/images/2015/Tin-Tuc/QuanLNH2/asus-zenbook-ux425-7.jpg,https://fptshop.com.vn/Uploads/images/2015/Tin-Tuc/QuanLNH2/asus-zenbook-ux425-7.jpg,https://fptshop.com.vn/Uploads/images/2015/Tin-Tuc/QuanLNH2/asus-zenbook-ux425-7.jpg,https://fptshop.com.vn/Uploads/images/2015/Tin-Tuc/QuanLNH2/asus-zenbook-ux425-8.jpg,Bộ sạc + hướng dẫn sử dụng,20,3,Lithium 4 cells
x542uq-go005 (i5-7200u/8gb/1tb/geforce,Laptop,base,Laptop/Asus,Asus,"Catalog, Search",X542UQ-GO005 (i5-7200U/8GB/1TB/GeForce,Một sản phẩm phù hợp với các bạn sinh viên.,Notebook,15.6,1366x768,Intel Core i5 7200U 2.5GHz,8GB,1TB HDD,Nvidia GeForce 940MX,Linux,2.3kg,"14,529,028",https://fptshop.com.vn/Uploads/images/2015/Tin-Tuc/QuanLNH2/asus-zenbook-ux425-9.jpg,https://fptshop.com.vn/Uploads/images/2015/Tin-Tuc/QuanLNH2/asus-zenbook-ux425-9.jpg,https://fptshop.com.vn/Uploads/images/2015/Tin-Tuc/QuanLNH2/asus-zenbook-ux425-9.jpg,https://fptshop.com.vn/Uploads/images/2015/Tin-Tuc/QuanLNH2/asus-zenbook-ux425-10.jpg,Bộ sạc + hướng dẫn sử dụng,20,3,Lithium 4 cells
rog strix,Laptop,base,Laptop/Asus,Asus,"Catalog, Search",Rog Strix,Một sản phẩm phù hợp với các bạn sinh viên.,Gaming,17.3,Full HD 1920x1080,AMD Ryzen 1700 3GHz,8GB,256GB SSD +  1TB HDD,AMD Radeon RX 580,Windows 10,3.2kg,"36,087,129",https://fptshop.com.vn/Uploads/images/2015/Tin-Tuc/QuanLNH2/asus-zenbook-ux425-11.jpg,https://fptshop.com.vn/Uploads/images/2015/Tin-Tuc/QuanLNH2/asus-zenbook-ux425-11.jpg,https://fptshop.com.vn/Uploads/images/2015/Tin-Tuc/QuanLNH2/asus-zenbook-ux425-11.jpg,https://fptshop.com.vn/Uploads/images/2015/Tin-Tuc/QuanLNH2/asus-zenbook-ux425-12.jpg,Bộ sạc + hướng dẫn sử dụng,20,3,Lithium 4 cells
x751nv-ty001t (n4200/4gb/1tb/geforce,Laptop,base,Laptop/Asus,Asus,"Catalog, Search",X751NV-TY001T (N4200/4GB/1TB/GeForce,Một sản phẩm phù hợp với các bạn sinh viên.,Notebook,17.3,1366x768,Intel Pentium Quad Core N4200 1.1GHz,4GB,1TB HDD,Nvidia GeForce 920MX,Windows 10,2.8kg,"12,945,806",https://fptshop.com.vn/Uploads/images/2015/Tin-Tuc/QuanLNH2/asus-zenbook-ux425-13.jpg,https://fptshop.com.vn/Uploads/images/2015/Tin-Tuc/QuanLNH2/asus-zenbook-ux425-13.jpg,https://fptshop.com.vn/Uploads/images/2015/Tin-Tuc/QuanLNH2/asus-zenbook-ux425-13.jpg,https://fptshop.com.vn/Uploads/images/2015/Tin-Tuc/QuanLNH2/asus-zenbook-ux425-14.jpg,Bộ sạc + hướng dẫn sử dụng,20,3,Lithium 4 cells
vivobook max,Laptop,base,Laptop/Asus,Asus,"Catalog, Search",VivoBook Max,Một sản phẩm phù hợp với các bạn sinh viên.,Notebook,15.6,1366x768,Intel Core i5 7200U 2.5GHz,4GB,256GB SSD,Intel HD Graphics 620,Windows 10,2kg,"16,284,769",https://fptshop.com.vn/Uploads/images/2015/Tin-Tuc/QuanLNH2/asus-zenbook-ux425-15.jpg,https://fptshop.com.vn/Uploads/images/2015/Tin-Tuc/QuanLNH2/asus-zenbook-ux425-15.jpg,https://fptshop.com.vn/Uploads/images/2015/Tin-Tuc/QuanLNH2/asus-zenbook-ux425-15.jpg,https://fptshop.com.vn/Uploads/images/2015/Tin-Tuc/QuanLNH2/asus-zenbook-ux425-16.jpg,Bộ sạc + hướng dẫn sử dụng,20,3,Lithium 4 cells
x541ua-dm1897 (i3-6006u/4gb/256gb/fhd/linux),Laptop,base,Laptop/Asus,Asus,"Catalog, Search",X541UA-DM1897 (i3-6006U/4GB/256GB/FHD/Linux),Một sản phẩm phù hợp với các bạn sinh viên.,Notebook,15.6,Full HD 1920x1080,Intel Core i3 6006U 2GHz,4GB,256GB SSD,Intel HD Graphics 520,Linux,2kg,"11,528,991",https://fptshop.com.vn/Uploads/images/2015/Tin-Tuc/QuanLNH2/asus-zenbook-ux425-17.jpg,https://fptshop.com.vn/Uploads/images/2015/Tin-Tuc/QuanLNH2/asus-zenbook-ux425-17.jpg,https://fptshop.com.vn/Uploads/images/2015/Tin-Tuc/QuanLNH2/asus-zenbook-ux425-17.jpg,https://fptshop.com.vn/Uploads/images/2015/Tin-Tuc/QuanLNH2/asus-zenbook-ux425-18.jpg,Bộ sạc + hướng dẫn sử dụng,20,3,Lithium 4 cells
ux410ua-gv350t (i5-8250u/8gb/256gb/fhd/w10),Laptop,base,Laptop/Asus,Asus,"Catalog, Search",UX410UA-GV350T (i5-8250U/8GB/256GB/FHD/W10),Một sản phẩm phù hợp với các bạn sinh viên.,Notebook,14,Full HD 1920x1080,Intel Core i5 8250U 1.6GHz,8GB,256GB SSD,Intel UHD Graphics 620,Windows 10,1.4kg,"26,141,639",https://fptshop.com.vn/Uploads/images/2015/Tin-Tuc/QuanLNH2/asus-zenbook-ux425-19.jpg,https://fptshop.com.vn/Uploads/images/2015/Tin-Tuc/QuanLNH2/asus-zenbook-ux425-19.jpg,https://fptshop.com.vn/Uploads/images/2015/Tin-Tuc/QuanLNH2/asus-zenbook-ux425-19.jpg,https://fptshop.com.vn/Uploads/images/2015/Tin-Tuc/QuanLNH2/asus-zenbook-ux425-20.jpg,Bộ sạc + hướng dẫn sử dụng,20,3,Lithium 4 cells
aspire 3,Laptop,base,Laptop/Acer,Acer,"Catalog, Search",Aspire 3,Một sản phẩm phù hợp với các bạn sinh viên.,Notebook,15.6,1366x768,AMD A9-Series 9420 3GHz,4GB,500GB HDD,AMD Radeon R5,Windows 10,2.1kg,"11,112,280",https://fptshop.com.vn/Uploads/images/2015/Tin-Tuc/QuanLNH2/acer-swift-3-sf314-gold-1.jpg,https://fptshop.com.vn/Uploads/images/2015/Tin-Tuc/QuanLNH2/acer-swift-3-sf314-gold-1.jpg,https://fptshop.com.vn/Uploads/images/2015/Tin-Tuc/QuanLNH2/acer-swift-3-sf314-gold-1.jpg,https://fptshop.com.vn/Uploads/images/2015/Tin-Tuc/QuanLNH2/acer-swift-3-sf314-gold-2.jpg,Bộ sạc + hướng dẫn sử dụng,20,3,Lithium 4 cells
swift 3,Laptop,base,Laptop/Acer,Acer,"Catalog, Search",Swift 3,Một sản phẩm phù hợp với các bạn sinh viên.,Ultrabook,14,IPS Panel Full HD 1920x1080,Intel Core i5 8250U 1.6GHz,8GB,256GB SSD,Intel UHD Graphics 620,Windows 10,1.6kg,"21,391,139",https://fptshop.com.vn/Uploads/images/2015/Tin-Tuc/QuanLNH2/acer-swift-3-sf314-gold-3.jpg,https://fptshop.com.vn/Uploads/images/2015/Tin-Tuc/QuanLNH2/acer-swift-3-sf314-gold-3.jpg,https://fptshop.com.vn/Uploads/images/2015/Tin-Tuc/QuanLNH2/acer-swift-3-sf314-gold-3.jpg,https://fptshop.com.vn/Uploads/images/2015/Tin-Tuc/QuanLNH2/acer-swift-3-sf314-gold-4.jpg,Bộ sạc + hướng dẫn sử dụng,20,3,Lithium 4 cells
aspire 3,Laptop,base,Laptop/Acer,Acer,"Catalog, Search",Aspire 3,Một sản phẩm phù hợp với các bạn sinh viên.,Notebook,15.6,1366x768,Intel Core i3 7130U 2.7GHz,4GB,1TB HDD,Intel HD Graphics 620,Linux,2.1kg,"10,195,517",https://fptshop.com.vn/Uploads/images/2015/Tin-Tuc/QuanLNH2/acer-swift-3-sf314-gold-5.jpg,https://fptshop.com.vn/Uploads/images/2015/Tin-Tuc/QuanLNH2/acer-swift-3-sf314-gold-5.jpg,https://fptshop.com.vn/Uploads/images/2015/Tin-Tuc/QuanLNH2/acer-swift-3-sf314-gold-5.jpg,https://fptshop.com.vn/Uploads/images/2015/Tin-Tuc/QuanLNH2/acer-swift-3-sf314-gold-6.jpg,Bộ sạc + hướng dẫn sử dụng,20,3,Lithium 4 cells
aspire a515-51g,Laptop,base,Laptop/Acer,Acer,"Catalog, Search",Aspire A515-51G,Một sản phẩm phù hợp với các bạn sinh viên.,Notebook,15.6,IPS Panel Full HD 1920x1080,Intel Core i5 8250U 1.6GHz,4GB,256GB SSD,Intel UHD Graphics 620,Windows 10,2.2kg,"18,946,437",https://fptshop.com.vn/Uploads/images/2015/Tin-Tuc/QuanLNH2/acer-swift-3-sf314-gold-7.jpg,https://fptshop.com.vn/Uploads/images/2015/Tin-Tuc/QuanLNH2/acer-swift-3-sf314-gold-7.jpg,https://fptshop.com.vn/Uploads/images/2015/Tin-Tuc/QuanLNH2/acer-swift-3-sf314-gold-7.jpg,https://fptshop.com.vn/Uploads/images/2015/Tin-Tuc/QuanLNH2/acer-swift-3-sf314-gold-8.jpg,Bộ sạc + hướng dẫn sử dụng,20,3,Lithium 4 cells
aspire a515-51g,Laptop,base,Laptop/Acer,Acer,"Catalog, Search",Aspire A515-51G,Một sản phẩm phù hợp với các bạn sinh viên.,Notebook,15.6,IPS Panel Full HD 1920x1080,Intel Core i7 8550U 1.8GHz,8GB,256GB SSD,Nvidia GeForce MX150,Windows 10,2.2kg,"23,363,569",https://fptshop.com.vn/Uploads/images/2015/Tin-Tuc/QuanLNH2/acer-swift-3-sf314-gold-9.jpg,https://fptshop.com.vn/Uploads/images/2015/Tin-Tuc/QuanLNH2/acer-swift-3-sf314-gold-9.jpg,https://fptshop.com.vn/Uploads/images/2015/Tin-Tuc/QuanLNH2/acer-swift-3-sf314-gold-9.jpg,https://fptshop.com.vn/Uploads/images/2015/Tin-Tuc/QuanLNH2/acer-swift-3-sf314-gold-10.jpg,Bộ sạc + hướng dẫn sử dụng,20,3,Lithium 4 cells
aspire 3,Laptop,base,Laptop/Acer,Acer,"Catalog, Search",Aspire 3,Một sản phẩm phù hợp với các bạn sinh viên.,Notebook,15.6,1366x768,Intel Core i3 7100U 2.4GHz,4GB,1TB HDD,Intel HD Graphics 620,Windows 10,2.4kg,"10,667,789",https://images.fpt.shop/unsafe/fit-in/filters:quality(90)/fptshop.com.vn/Uploads/images/2015/Tin-Tuc/QuanLNH2/acer-aspire-3-a315-2021-1.jpg,https://images.fpt.shop/unsafe/fit-in/filters:quality(90)/fptshop.com.vn/Uploads/images/2015/Tin-Tuc/QuanLNH2/acer-aspire-3-a315-2021-1.jpg,https://images.fpt.shop/unsafe/fit-in/filters:quality(90)/fptshop.com.vn/Uploads/images/2015/Tin-Tuc/QuanLNH2/acer-aspire-3-a315-2021-1.jpg,https://images.fpt.shop/unsafe/fit-in/filters:quality(90)/fptshop.com.vn/Uploads/images/2015/Tin-Tuc/QuanLNH2/acer-aspire-3-a315-2021-2.jpg,Bộ sạc + hướng dẫn sử dụng,20,3,Lithium 4 cells
aspire e5-475,Laptop,base,Laptop/Acer,Acer,"Catalog, Search",Aspire E5-475,Một sản phẩm phù hợp với các bạn sinh viên.,Notebook,14,1366x768,Intel Core i3 6006U 2GHz,8GB,1TB HDD,Intel HD Graphics 520,Windows 10,2.1kg,"10,806,692",https://images.fpt.shop/unsafe/fit-in/filters:quality(90)/fptshop.com.vn/Uploads/images/2015/Tin-Tuc/QuanLNH2/acer-aspire-3-a315-2021-3.jpg,https://images.fpt.shop/unsafe/fit-in/filters:quality(90)/fptshop.com.vn/Uploads/images/2015/Tin-Tuc/QuanLNH2/acer-aspire-3-a315-2021-3.jpg,https://images.fpt.shop/unsafe/fit-in/filters:quality(90)/fptshop.com.vn/Uploads/images/2015/Tin-Tuc/QuanLNH2/acer-aspire-3-a315-2021-3.jpg,https://images.fpt.shop/unsafe/fit-in/filters:quality(90)/fptshop.com.vn/Uploads/images/2015/Tin-Tuc/QuanLNH2/acer-aspire-3-a315-2021-4.jpg,Bộ sạc + hướng dẫn sử dụng,20,3,Lithium 4 cells
aspire a515-51g-32mx,Laptop,base,Laptop/Acer,Acer,"Catalog, Search",Aspire A515-51G-32MX,Một sản phẩm phù hợp với các bạn sinh viên.,Notebook,15.6,Full HD 1920x1080,Intel Core i3 7130U 2.7GHz,4GB,1TB HDD,Nvidia GeForce MX130,Windows 10,2.2kg,"14,723,771",https://images.fpt.shop/unsafe/fit-in/filters:quality(90)/fptshop.com.vn/Uploads/images/2015/Tin-Tuc/QuanLNH2/acer-aspire-3-a315-2021-5.jpg,https://images.fpt.shop/unsafe/fit-in/filters:quality(90)/fptshop.com.vn/Uploads/images/2015/Tin-Tuc/QuanLNH2/acer-aspire-3-a315-2021-5.jpg,https://images.fpt.shop/unsafe/fit-in/filters:quality(90)/fptshop.com.vn/Uploads/images/2015/Tin-Tuc/QuanLNH2/acer-aspire-3-a315-2021-5.jpg,https://images.fpt.shop/unsafe/fit-in/filters:quality(90)/fptshop.com.vn/Uploads/images/2015/Tin-Tuc/QuanLNH2/acer-aspire-3-a315-2021-6.jpg,Bộ sạc + hướng dẫn sử dụng,20,3,Lithium 4 cells
aspire 3,Laptop,base,Laptop/Acer,Acer,"Catalog, Search",Aspire 3,Một sản phẩm phù hợp với các bạn sinh viên.,Notebook,15.6,1366x768,AMD A9-Series 9420 3GHz,4GB,1TB HDD,AMD Radeon R5,Windows 10,2.1kg,"10,973,377",https://images.fpt.shop/unsafe/fit-in/filters:quality(90)/fptshop.com.vn/Uploads/images/2015/Tin-Tuc/QuanLNH2/acer-aspire-3-a315-2021-7.jpg,https://images.fpt.shop/unsafe/fit-in/filters:quality(90)/fptshop.com.vn/Uploads/images/2015/Tin-Tuc/QuanLNH2/acer-aspire-3-a315-2021-7.jpg,https://images.fpt.shop/unsafe/fit-in/filters:quality(90)/fptshop.com.vn/Uploads/images/2015/Tin-Tuc/QuanLNH2/acer-aspire-3-a315-2021-7.jpg,https://images.fpt.shop/unsafe/fit-in/filters:quality(90)/fptshop.com.vn/Uploads/images/2015/Tin-Tuc/QuanLNH2/acer-aspire-3-a315-2021-8.jpg,Bộ sạc + hướng dẫn sử dụng,20,3,Lithium 4 cells
aspire 5,Laptop,base,Laptop/Acer,Acer,"Catalog, Search",Aspire 5,Một sản phẩm phù hợp với các bạn sinh viên.,Notebook,15.6,Full HD 1920x1080,Intel Core i7 8550U 1.8GHz,8GB,1TB HDD,Nvidia GeForce MX150,Windows 10,2.2kg,"19,140,902",https://images.fpt.shop/unsafe/fit-in/filters:quality(90)/fptshop.com.vn/Uploads/images/2015/Tin-Tuc/QuanLNH2/acer-aspire-3-a315-2021-9.jpg,https://images.fpt.shop/unsafe/fit-in/filters:quality(90)/fptshop.com.vn/Uploads/images/2015/Tin-Tuc/QuanLNH2/acer-aspire-3-a315-2021-9.jpg,https://images.fpt.shop/unsafe/fit-in/filters:quality(90)/fptshop.com.vn/Uploads/images/2015/Tin-Tuc/QuanLNH2/acer-aspire-3-a315-2021-9.jpg,https://images.fpt.shop/unsafe/fit-in/filters:quality(90)/fptshop.com.vn/Uploads/images/2015/Tin-Tuc/QuanLNH2/acer-aspire-3-a315-2021-10.jpg,Bộ sạc + hướng dẫn sử dụng,20,3,Lithium 4 cells
macbook pro,Laptop,base,Laptop/Apple,Apple,"Catalog, Search",MacBook Pro,Một sản phẩm phù hợp với các bạn sinh viên.,Ultrabook,13.3,IPS Panel Retina Display 2560x1600,Intel Core i5 2.3GHz,8GB,128GB SSD,Intel Iris Plus Graphics 640,macOS,1.37kg,"37,217,526",https://fptshop.com.vn/Uploads/images/2015/Tin-Tuc/QuanLNH2/macbook-pro-13-m1-1.jpg,https://fptshop.com.vn/Uploads/images/2015/Tin-Tuc/QuanLNH2/macbook-pro-13-m1-1.jpg,https://fptshop.com.vn/Uploads/images/2015/Tin-Tuc/QuanLNH2/macbook-pro-13-m1-1.jpg,https://fptshop.com.vn/Uploads/images/2015/Tin-Tuc/QuanLNH2/macbook-pro-13-m1-2.jpg,Bộ sạc + hướng dẫn sử dụng,20,3,Lithium 4 cells
macbook air,Laptop,base,Laptop/Apple,Apple,"Catalog, Search",Macbook Air,Một sản phẩm phù hợp với các bạn sinh viên.,Ultrabook,13.3,1440x900,Intel Core i5 1.8GHz,8GB,128GB Flash Storage,Intel HD Graphics 6000,macOS,1.34kg,"24,973,182",https://fptshop.com.vn/Uploads/images/2015/Tin-Tuc/QuanLNH2/macbook-pro-13-m1-3.jpg,https://fptshop.com.vn/Uploads/images/2015/Tin-Tuc/QuanLNH2/macbook-pro-13-m1-3.jpg,https://fptshop.com.vn/Uploads/images/2015/Tin-Tuc/QuanLNH2/macbook-pro-13-m1-3.jpg,https://fptshop.com.vn/Uploads/images/2015/Tin-Tuc/QuanLNH2/macbook-pro-13-m1-4.jpg,Bộ sạc + hướng dẫn sử dụng,20,3,Lithium 4 cells
macbook pro,Laptop,base,Laptop/Apple,Apple,"Catalog, Search",MacBook Pro,Một sản phẩm phù hợp với các bạn sinh viên.,Ultrabook,15.4,IPS Panel Retina Display 2880x1800,Intel Core i7 2.7GHz,16GB,512GB SSD,AMD Radeon Pro 455,macOS,1.83kg,"70,492,137",https://fptshop.com.vn/Uploads/images/2015/Tin-Tuc/QuanLNH2/macbook-pro-13-m1-5.jpg,https://fptshop.com.vn/Uploads/images/2015/Tin-Tuc/QuanLNH2/macbook-pro-13-m1-5.jpg,https://fptshop.com.vn/Uploads/images/2015/Tin-Tuc/QuanLNH2/macbook-pro-13-m1-5.jpg,https://fptshop.com.vn/Uploads/images/2015/Tin-Tuc/QuanLNH2/macbook-pro-13-m1-6.jpg,Bộ sạc + hướng dẫn sử dụng,20,3,Lithium 4 cells
macbook pro,Laptop,base,Laptop/Apple,Apple,"Catalog, Search",MacBook Pro,Một sản phẩm phù hợp với các bạn sinh viên.,Ultrabook,13.3,IPS Panel Retina Display 2560x1600,Intel Core i5 3.1GHz,8GB,256GB SSD,Intel Iris Plus Graphics 650,macOS,1.37kg,"50,105,271",https://fptshop.com.vn/Uploads/images/2015/Tin-Tuc/QuanLNH2/macbook-pro-13-m1-7.jpg,https://fptshop.com.vn/Uploads/images/2015/Tin-Tuc/QuanLNH2/macbook-pro-13-m1-7.jpg,https://fptshop.com.vn/Uploads/images/2015/Tin-Tuc/QuanLNH2/macbook-pro-13-m1-7.jpg,https://fptshop.com.vn/Uploads/images/2015/Tin-Tuc/QuanLNH2/macbook-pro-13-m1-8.jpg,Bộ sạc + hướng dẫn sử dụng,20,3,Lithium 4 cells
macbook pro,Laptop,base,Laptop/Apple,Apple,"Catalog, Search",MacBook Pro,Một sản phẩm phù hợp với các bạn sinh viên.,Ultrabook,15.4,IPS Panel Retina Display 2880x1800,Intel Core i7 2.2GHz,16GB,256GB Flash Storage,Intel Iris Pro Graphics,Mac OS X,2.04kg,"59,449,865",https://fptshop.com.vn/Uploads/images/2015/Tin-Tuc/QuanLNH2/macbook-pro-13-m1-9.jpg,https://fptshop.com.vn/Uploads/images/2015/Tin-Tuc/QuanLNH2/macbook-pro-13-m1-9.jpg,https://fptshop.com.vn/Uploads/images/2015/Tin-Tuc/QuanLNH2/macbook-pro-13-m1-9.jpg,https://fptshop.com.vn/Uploads/images/2015/Tin-Tuc/QuanLNH2/macbook-pro-13-m1-10.jpg,Bộ sạc + hướng dẫn sử dụng,20,3,Lithium 4 cells
macbook air,Laptop,base,Laptop/Apple,Apple,"Catalog, Search",Macbook Air,Một sản phẩm phù hợp với các bạn sinh viên.,Ultrabook,13.3,1440x900,Intel Core i5 1.8GHz,8GB,256GB Flash Storage,Intel HD Graphics 6000,macOS,1.34kg,"32,189,497",https://fptshop.com.vn/Uploads/images/2015/Tin-Tuc/QuanLNH2/macbook-pro-13-m1-11.jpg,https://fptshop.com.vn/Uploads/images/2015/Tin-Tuc/QuanLNH2/macbook-pro-13-m1-11.jpg,https://fptshop.com.vn/Uploads/images/2015/Tin-Tuc/QuanLNH2/macbook-pro-13-m1-11.jpg,https://fptshop.com.vn/Uploads/images/2015/Tin-Tuc/QuanLNH2/macbook-pro-13-m1-12.jpg,Bộ sạc + hướng dẫn sử dụng,20,3,Lithium 4 cells
macbook pro,Laptop,base,Laptop/Apple,Apple,"Catalog, Search",MacBook Pro,Một sản phẩm phù hợp với các bạn sinh viên.,Ultrabook,15.4,IPS Panel Retina Display 2880x1800,Intel Core i7 2.8GHz,16GB,256GB SSD,AMD Radeon Pro 555,macOS,1.83kg,"67,784,075",https://fptshop.com.vn/Uploads/images/2015/Tin-Tuc/QuanLNH2/macbook-pro-13-m1-13.jpg,https://fptshop.com.vn/Uploads/images/2015/Tin-Tuc/QuanLNH2/macbook-pro-13-m1-13.jpg,https://fptshop.com.vn/Uploads/images/2015/Tin-Tuc/QuanLNH2/macbook-pro-13-m1-13.jpg,https://fptshop.com.vn/Uploads/images/2015/Tin-Tuc/QuanLNH2/macbook-pro-13-m1-14.jpg,Bộ sạc + hướng dẫn sử dụng,20,3,Lithium 4 cells
"macbook 12""",Laptop,base,Laptop/Apple,Apple,"Catalog, Search","MacBook 12""",Một sản phẩm phù hợp với các bạn sinh viên.,Ultrabook,12,IPS Panel Retina Display 2304x1440,Intel Core M m3 1.2GHz,8GB,256GB SSD,Intel HD Graphics 615,macOS,0.92kg,"35,070,356",https://fptshop.com.vn/Uploads/images/2015/Tin-Tuc/QuanLNH2/macbook-pro-13-m1-15.jpg,https://fptshop.com.vn/Uploads/images/2015/Tin-Tuc/QuanLNH2/macbook-pro-13-m1-15.jpg,https://fptshop.com.vn/Uploads/images/2015/Tin-Tuc/QuanLNH2/macbook-pro-13-m1-15.jpg,https://fptshop.com.vn/Uploads/images/2015/Tin-Tuc/QuanLNH2/macbook-pro-13-m1-16.jpg,Bộ sạc + hướng dẫn sử dụng,20,3,Lithium 4 cells
macbook pro,Laptop,base,Laptop/Apple,Apple,"Catalog, Search",MacBook Pro,Một sản phẩm phù hợp với các bạn sinh viên.,Ultrabook,13.3,IPS Panel Retina Display 2560x1600,Intel Core i5 2.3GHz,8GB,256GB SSD,Intel Iris Plus Graphics 640,macOS,1.37kg,"42,186,382",https://fptshop.com.vn/Uploads/images/2015/Tin-Tuc/QuanLNH2/macbook-pro-13-m1-17.jpg,https://fptshop.com.vn/Uploads/images/2015/Tin-Tuc/QuanLNH2/macbook-pro-13-m1-17.jpg,https://fptshop.com.vn/Uploads/images/2015/Tin-Tuc/QuanLNH2/macbook-pro-13-m1-17.jpg,https://fptshop.com.vn/Uploads/images/2015/Tin-Tuc/QuanLNH2/macbook-pro-13-m1-18.jpg,Bộ sạc + hướng dẫn sử dụng,20,3,Lithium 4 cells
macbook pro,Laptop,base,Laptop/Apple,Apple,"Catalog, Search",MacBook Pro,Một sản phẩm phù hợp với các bạn sinh viên.,Ultrabook,15.4,IPS Panel Retina Display 2880x1800,Intel Core i7 2.9GHz,16GB,512GB SSD,AMD Radeon Pro 560,macOS,1.83kg,"79,397,241",https://fptshop.com.vn/Uploads/images/2015/Tin-Tuc/QuanLNH2/macbook-pro-13-m1-19.jpg,https://fptshop.com.vn/Uploads/images/2015/Tin-Tuc/QuanLNH2/macbook-pro-13-m1-19.jpg,https://fptshop.com.vn/Uploads/images/2015/Tin-Tuc/QuanLNH2/macbook-pro-13-m1-19.jpg,https://fptshop.com.vn/Uploads/images/2015/Tin-Tuc/QuanLNH2/macbook-pro-13-m1-20.jpg,Bộ sạc + hướng dẫn sử dụng,20,3,Lithium 4 cells
macbook air,Laptop,base,Laptop/Apple,Apple,"Catalog, Search",MacBook Air,Một sản phẩm phù hợp với các bạn sinh viên.,Ultrabook,13.3,1440x900,Intel Core i5 1.6GHz,8GB,128GB Flash Storage,Intel HD Graphics 6000,Mac OS X,1.35kg,"30,530,989",https://fptshop.com.vn/Uploads/images/2015/Tin-Tuc/QuanLNH2/macbook-pro-13-m1-21.jpg,https://fptshop.com.vn/Uploads/images/2015/Tin-Tuc/QuanLNH2/macbook-pro-13-m1-21.jpg,https://fptshop.com.vn/Uploads/images/2015/Tin-Tuc/QuanLNH2/macbook-pro-13-m1-21.jpg,https://fptshop.com.vn/Uploads/images/2015/Tin-Tuc/QuanLNH2/macbook-pro-13-m1-22.jpg,Bộ sạc + hướng dẫn sử dụng,20,3,Lithium 4 cells
macbook air,Laptop,base,Laptop/Apple,Apple,"Catalog, Search",MacBook Air,Một sản phẩm phù hợp với các bạn sinh viên.,Ultrabook,13.3,1440x900,Intel Core i5 1.6GHz,8GB,256GB Flash Storage,Intel HD Graphics 6000,Mac OS X,1.35kg,"27,725,139",https://fptshop.com.vn/Uploads/images/2015/Tin-Tuc/QuanLNH2/macbook-pro-13-m1-23.jpg,https://fptshop.com.vn/Uploads/images/2015/Tin-Tuc/QuanLNH2/macbook-pro-13-m1-23.jpg,https://fptshop.com.vn/Uploads/images/2015/Tin-Tuc/QuanLNH2/macbook-pro-13-m1-23.jpg,https://fptshop.com.vn/Uploads/images/2015/Tin-Tuc/QuanLNH2/macbook-pro-13-m1-24.jpg,Bộ sạc + hướng dẫn sử dụng,20,3,Lithium 4 cells
inspiron 3567,Laptop,base,Laptop/Dell,Dell,"Catalog, Search",Inspiron 3567,Một sản phẩm phù hợp với các bạn sinh viên.,Notebook,15.6,Full HD 1920x1080,Intel Core i3 6006U 2GHz,4GB,256GB SSD,AMD Radeon R5 M430,Windows 10,2.2kg,"13,859,791",https://fptshop.com.vn/Uploads/images/2015/Tin-Tuc/QuanLNH2/dell-xps-13-9310-2-in-1-1.jpg,https://fptshop.com.vn/Uploads/images/2015/Tin-Tuc/QuanLNH2/dell-xps-13-9310-2-in-1-1.jpg,https://fptshop.com.vn/Uploads/images/2015/Tin-Tuc/QuanLNH2/dell-xps-13-9310-2-in-1-1.jpg,https://fptshop.com.vn/Uploads/images/2015/Tin-Tuc/QuanLNH2/dell-xps-13-9310-2-in-1-2.jpg,Bộ sạc + hướng dẫn sử dụng,20,3,Lithium 4 cells
inspiron 3567,Laptop,base,Laptop/Dell,Dell,"Catalog, Search",Inspiron 3567,Một sản phẩm phù hợp với các bạn sinh viên.,Notebook,15.6,Full HD 1920x1080,Intel Core i7 7500U 2.7GHz,8GB,256GB SSD,AMD Radeon R5 M430,Windows 10,2.2kg,"20,696,622",https://fptshop.com.vn/Uploads/images/2015/Tin-Tuc/QuanLNH2/dell-xps-13-9310-2-in-1-3.jpg,https://fptshop.com.vn/Uploads/images/2015/Tin-Tuc/QuanLNH2/dell-xps-13-9310-2-in-1-3.jpg,https://fptshop.com.vn/Uploads/images/2015/Tin-Tuc/QuanLNH2/dell-xps-13-9310-2-in-1-3.jpg,https://fptshop.com.vn/Uploads/images/2015/Tin-Tuc/QuanLNH2/dell-xps-13-9310-2-in-1-4.jpg,Bộ sạc + hướng dẫn sử dụng,20,3,Lithium 4 cells
xps 13,Laptop,base,Laptop/Dell,Dell,"Catalog, Search",XPS 13,Một sản phẩm phù hợp với các bạn sinh viên.,Ultrabook,13.3,IPS Panel Full HD / Touchscreen 1920x1080,Intel Core i5 8250U 1.6GHz,8GB,128GB SSD,Intel UHD Graphics 620,Windows 10,1.22kg,"27,197,305",https://fptshop.com.vn/Uploads/images/2015/Tin-Tuc/QuanLNH2/dell-xps-13-9310-2-in-1-5.jpg,https://fptshop.com.vn/Uploads/images/2015/Tin-Tuc/QuanLNH2/dell-xps-13-9310-2-in-1-5.jpg,https://fptshop.com.vn/Uploads/images/2015/Tin-Tuc/QuanLNH2/dell-xps-13-9310-2-in-1-5.jpg,https://fptshop.com.vn/Uploads/images/2015/Tin-Tuc/QuanLNH2/dell-xps-13-9310-2-in-1-6.jpg,Bộ sạc + hướng dẫn sử dụng,20,3,Lithium 4 cells
inspiron 5379,Laptop,base,Laptop/Dell,Dell,"Catalog, Search",Inspiron 5379,Một sản phẩm phù hợp với các bạn sinh viên.,2 in 1 Convertible,13.3,Full HD / Touchscreen 1920x1080,Intel Core i5 8250U 1.6GHz,8GB,256GB SSD,Intel UHD Graphics 620,Windows 10,1.62kg,"22,752,393",https://fptshop.com.vn/Uploads/images/2015/Tin-Tuc/QuanLNH2/dell-xps-13-9310-2-in-1-7.jpg,https://fptshop.com.vn/Uploads/images/2015/Tin-Tuc/QuanLNH2/dell-xps-13-9310-2-in-1-7.jpg,https://fptshop.com.vn/Uploads/images/2015/Tin-Tuc/QuanLNH2/dell-xps-13-9310-2-in-1-7.jpg,https://fptshop.com.vn/Uploads/images/2015/Tin-Tuc/QuanLNH2/dell-xps-13-9310-2-in-1-8.jpg,Bộ sạc + hướng dẫn sử dụng,20,3,Lithium 4 cells
inspiron 3567,Laptop,base,Laptop/Dell,Dell,"Catalog, Search",Inspiron 3567,Một sản phẩm phù hợp với các bạn sinh viên.,Notebook,15.6,1366x768,Intel Core i3 6006U 2GHz,4GB,1TB HDD,Intel HD Graphics 520,Windows 10,2.3kg,"11,630,112",https://fptshop.com.vn/Uploads/images/2015/Tin-Tuc/QuanLNH2/dell-xps-13-9310-2-in-1-9.jpg,https://fptshop.com.vn/Uploads/images/2015/Tin-Tuc/QuanLNH2/dell-xps-13-9310-2-in-1-9.jpg,https://fptshop.com.vn/Uploads/images/2015/Tin-Tuc/QuanLNH2/dell-xps-13-9310-2-in-1-9.jpg,https://fptshop.com.vn/Uploads/images/2015/Tin-Tuc/QuanLNH2/dell-xps-13-9310-2-in-1-10.jpg,Bộ sạc + hướng dẫn sử dụng,20,3,Lithium 4 cells
inspiron 5570,Laptop,base,Laptop/Dell,Dell,"Catalog, Search",Inspiron 5570,Một sản phẩm phù hợp với các bạn sinh viên.,Notebook,15.6,Full HD 1920x1080,Intel Core i5 8250U 1.6GHz,8GB,256GB SSD,AMD Radeon 530,Windows 10,2.2kg,"22,224,560",https://fptshop.com.vn/Uploads/images/2015/Tin-Tuc/QuanLNH2/dell-xps-13-9310-2-in-1-11.jpg,https://fptshop.com.vn/Uploads/images/2015/Tin-Tuc/QuanLNH2/dell-xps-13-9310-2-in-1-11.jpg,https://fptshop.com.vn/Uploads/images/2015/Tin-Tuc/QuanLNH2/dell-xps-13-9310-2-in-1-11.jpg,https://fptshop.com.vn/Uploads/images/2015/Tin-Tuc/QuanLNH2/dell-xps-13-9310-2-in-1-12.jpg,Bộ sạc + hướng dẫn sử dụng,20,3,Lithium 4 cells
latitude 5590,Laptop,base,Laptop/Dell,Dell,"Catalog, Search",Latitude 5590,Một sản phẩm phù hợp với các bạn sinh viên.,Ultrabook,15.6,Full HD 1920x1080,Intel Core i7 8650U 1.9GHz,8GB,256GB SSD +  256GB SSD,Intel UHD Graphics 620,Windows 10,1.88kg,"36,059,349",https://fptshop.com.vn/Uploads/images/2015/Tin-Tuc/QuanLNH2/dell-xps-13-9310-2-in-1-13.jpg,https://fptshop.com.vn/Uploads/images/2015/Tin-Tuc/QuanLNH2/dell-xps-13-9310-2-in-1-13.jpg,https://fptshop.com.vn/Uploads/images/2015/Tin-Tuc/QuanLNH2/dell-xps-13-9310-2-in-1-13.jpg,https://fptshop.com.vn/Uploads/images/2015/Tin-Tuc/QuanLNH2/dell-xps-13-9310-2-in-1-14.jpg,Bộ sạc + hướng dẫn sử dụng,20,3,Lithium 4 cells
xps 13,Laptop,base,Laptop/Dell,Dell,"Catalog, Search",XPS 13,Một sản phẩm phù hợp với các bạn sinh viên.,Ultrabook,13.3,Touchscreen / Quad HD+ 3200x1800,Intel Core i7 8550U 1.8GHz,16GB,512GB SSD,Intel UHD Graphics 620,Windows 10,1.2kg,"51,922,128",https://fptshop.com.vn/Uploads/images/2015/Tin-Tuc/QuanLNH2/dell-xps-13-9310-2-in-1-15.jpg,https://fptshop.com.vn/Uploads/images/2015/Tin-Tuc/QuanLNH2/dell-xps-13-9310-2-in-1-15.jpg,https://fptshop.com.vn/Uploads/images/2015/Tin-Tuc/QuanLNH2/dell-xps-13-9310-2-in-1-15.jpg,https://fptshop.com.vn/Uploads/images/2015/Tin-Tuc/QuanLNH2/dell-xps-13-9310-2-in-1-16.jpg,Bộ sạc + hướng dẫn sử dụng,20,3,Lithium 4 cells
inspiron 5770,Laptop,base,Laptop/Dell,Dell,"Catalog, Search",Inspiron 5770,Một sản phẩm phù hợp với các bạn sinh viên.,Notebook,17.3,IPS Panel Full HD 1920x1080,Intel Core i5 8250U 1.6GHz,8GB,128GB SSD +  1TB HDD,AMD Radeon 530,Windows 10,2.8kg,"27,197,305",https://fptshop.com.vn/Uploads/images/2015/Tin-Tuc/QuanLNH2/dell-xps-13-9310-2-in-1-17.jpg,https://fptshop.com.vn/Uploads/images/2015/Tin-Tuc/QuanLNH2/dell-xps-13-9310-2-in-1-17.jpg,https://fptshop.com.vn/Uploads/images/2015/Tin-Tuc/QuanLNH2/dell-xps-13-9310-2-in-1-17.jpg,https://fptshop.com.vn/Uploads/images/2015/Tin-Tuc/QuanLNH2/dell-xps-13-9310-2-in-1-18.jpg,Bộ sạc + hướng dẫn sử dụng,20,3,Lithium 4 cells
inspiron 7577,Laptop,base,Laptop/Dell,Dell,"Catalog, Search",Inspiron 7577,Một sản phẩm phù hợp với các bạn sinh viên.,Gaming,15.6,IPS Panel Full HD 1920x1080,Intel Core i7 7700HQ 2.8GHz,16GB,256GB SSD +  1TB HDD,Nvidia GeForce GTX 1060,Windows 10,2.65kg,"41,643,269",https://fptshop.com.vn/Uploads/images/2015/Tin-Tuc/QuanLNH2/dell-xps-13-9310-2-in-1-19.jpg,https://fptshop.com.vn/Uploads/images/2015/Tin-Tuc/QuanLNH2/dell-xps-13-9310-2-in-1-19.jpg,https://fptshop.com.vn/Uploads/images/2015/Tin-Tuc/QuanLNH2/dell-xps-13-9310-2-in-1-19.jpg,https://fptshop.com.vn/Uploads/images/2015/Tin-Tuc/QuanLNH2/dell-xps-13-9310-2-in-1-20.jpg,Bộ sạc + hướng dẫn sử dụng,20,3,Lithium 4 cells
250 g6,Laptop,base,Laptop/HP,HP,"Catalog, Search",250 G6,Một sản phẩm phù hợp với các bạn sinh viên.,Notebook,15.6,Full HD 1920x1080,Intel Core i5 7200U 2.5GHz,8GB,256GB SSD,Intel HD Graphics 620,No OS,1.86kg,"15,973,903",https://images.fpt.shop/unsafe/fit-in/filters:quality(90)/fptshop.com.vn/Uploads/images/2015/Tin-Tuc/QuanLNH2/HP-envy-13-go-1.jpg,https://images.fpt.shop/unsafe/fit-in/filters:quality(90)/fptshop.com.vn/Uploads/images/2015/Tin-Tuc/QuanLNH2/HP-envy-13-go-1.jpg,https://images.fpt.shop/unsafe/fit-in/filters:quality(90)/fptshop.com.vn/Uploads/images/2015/Tin-Tuc/QuanLNH2/HP-envy-13-go-1.jpg,https://images.fpt.shop/unsafe/fit-in/filters:quality(90)/fptshop.com.vn/Uploads/images/2015/Tin-Tuc/QuanLNH2/HP-envy-13-go-2.jpg,Bộ sạc + hướng dẫn sử dụng,20,3,Lithium 4 cells
250 g6,Laptop,base,Laptop/HP,HP,"Catalog, Search",250 G6,Một sản phẩm phù hợp với các bạn sinh viên.,Notebook,15.6,1366x768,Intel Core i5 7200U 2.5GHz,4GB,500GB HDD,Intel HD Graphics 620,No OS,1.86kg,"10,942,818",https://images.fpt.shop/unsafe/fit-in/filters:quality(90)/fptshop.com.vn/Uploads/images/2015/Tin-Tuc/QuanLNH2/HP-envy-13-go-3.jpg,https://images.fpt.shop/unsafe/fit-in/filters:quality(90)/fptshop.com.vn/Uploads/images/2015/Tin-Tuc/QuanLNH2/HP-envy-13-go-3.jpg,https://images.fpt.shop/unsafe/fit-in/filters:quality(90)/fptshop.com.vn/Uploads/images/2015/Tin-Tuc/QuanLNH2/HP-envy-13-go-3.jpg,https://images.fpt.shop/unsafe/fit-in/filters:quality(90)/fptshop.com.vn/Uploads/images/2015/Tin-Tuc/QuanLNH2/HP-envy-13-go-4.jpg,Bộ sạc + hướng dẫn sử dụng,20,3,Lithium 4 cells
250 g6,Laptop,base,Laptop/HP,HP,"Catalog, Search",250 G6,Một sản phẩm phù hợp với các bạn sinh viên.,Notebook,15.6,Full HD 1920x1080,Intel Core i3 6006U 2GHz,4GB,500GB HDD,Intel HD Graphics 520,No OS,1.86kg,"9,584,064",https://images.fpt.shop/unsafe/fit-in/filters:quality(90)/fptshop.com.vn/Uploads/images/2015/Tin-Tuc/QuanLNH2/HP-envy-13-go-5.jpg,https://images.fpt.shop/unsafe/fit-in/filters:quality(90)/fptshop.com.vn/Uploads/images/2015/Tin-Tuc/QuanLNH2/HP-envy-13-go-5.jpg,https://images.fpt.shop/unsafe/fit-in/filters:quality(90)/fptshop.com.vn/Uploads/images/2015/Tin-Tuc/QuanLNH2/HP-envy-13-go-5.jpg,https://images.fpt.shop/unsafe/fit-in/filters:quality(90)/fptshop.com.vn/Uploads/images/2015/Tin-Tuc/QuanLNH2/HP-envy-13-go-6.jpg,Bộ sạc + hướng dẫn sử dụng,20,3,Lithium 4 cells
255 g6,Laptop,base,Laptop/HP,HP,"Catalog, Search",255 G6,Một sản phẩm phù hợp với các bạn sinh viên.,Notebook,15.6,1366x768,AMD E-Series E2-9000e 1.5GHz,4GB,500GB HDD,AMD Radeon R2,No OS,1.86kg,"7,167,421",https://images.fpt.shop/unsafe/fit-in/filters:quality(90)/fptshop.com.vn/Uploads/images/2015/Tin-Tuc/QuanLNH2/HP-envy-13-go-7.jpg,https://images.fpt.shop/unsafe/fit-in/filters:quality(90)/fptshop.com.vn/Uploads/images/2015/Tin-Tuc/QuanLNH2/HP-envy-13-go-7.jpg,https://images.fpt.shop/unsafe/fit-in/filters:quality(90)/fptshop.com.vn/Uploads/images/2015/Tin-Tuc/QuanLNH2/HP-envy-13-go-7.jpg,https://images.fpt.shop/unsafe/fit-in/filters:quality(90)/fptshop.com.vn/Uploads/images/2015/Tin-Tuc/QuanLNH2/HP-envy-13-go-8.jpg,Bộ sạc + hướng dẫn sử dụng,20,3,Lithium 4 cells
15-bs101nv (i7-8550u/8gb/256gb/fhd/w10),Laptop,base,Laptop/HP,HP,"Catalog, Search",15-BS101nv (i7-8550U/8GB/256GB/FHD/W10),Một sản phẩm phù hợp với các bạn sinh viên.,Ultrabook,15.6,Full HD 1920x1080,Intel Core i7 8550U 1.8GHz,8GB,256GB SSD,Intel HD Graphics 620,Windows 10,1.91kg,"18,307,481",https://images.fpt.shop/unsafe/fit-in/filters:quality(90)/fptshop.com.vn/Uploads/images/2015/Tin-Tuc/QuanLNH2/HP-envy-13-go-9.jpg,https://images.fpt.shop/unsafe/fit-in/filters:quality(90)/fptshop.com.vn/Uploads/images/2015/Tin-Tuc/QuanLNH2/HP-envy-13-go-9.jpg,https://images.fpt.shop/unsafe/fit-in/filters:quality(90)/fptshop.com.vn/Uploads/images/2015/Tin-Tuc/QuanLNH2/HP-envy-13-go-9.jpg,https://images.fpt.shop/unsafe/fit-in/filters:quality(90)/fptshop.com.vn/Uploads/images/2015/Tin-Tuc/QuanLNH2/HP-envy-13-go-10.jpg,Bộ sạc + hướng dẫn sử dụng,20,3,Lithium 4 cells
probook 470,Laptop,base,Laptop/HP,HP,"Catalog, Search",ProBook 470,Một sản phẩm phù hợp với các bạn sinh viên.,Notebook,17.3,Full HD 1920x1080,Intel Core i5 8250U 1.6GHz,8GB,1TB HDD,Nvidia GeForce 930MX,Windows 10,2.5kg,"24,891,507",https://images.fpt.shop/unsafe/fit-in/filters:quality(90)/fptshop.com.vn/Uploads/images/2015/Tin-Tuc/QuanLNH2/hp-envy-13-gold-1.jpg,https://images.fpt.shop/unsafe/fit-in/filters:quality(90)/fptshop.com.vn/Uploads/images/2015/Tin-Tuc/QuanLNH2/hp-envy-13-gold-1.jpg,https://images.fpt.shop/unsafe/fit-in/filters:quality(90)/fptshop.com.vn/Uploads/images/2015/Tin-Tuc/QuanLNH2/hp-envy-13-gold-1.jpg,https://images.fpt.shop/unsafe/fit-in/filters:quality(90)/fptshop.com.vn/Uploads/images/2015/Tin-Tuc/QuanLNH2/hp-envy-13-gold-2.jpg,Bộ sạc + hướng dẫn sử dụng,20,3,Lithium 4 cells
17-ak001nv (a6-9220/4gb/500gb/radeon,Laptop,base,Laptop/HP,HP,"Catalog, Search",17-ak001nv (A6-9220/4GB/500GB/Radeon,Một sản phẩm phù hợp với các bạn sinh viên.,Notebook,17.3,Full HD 1920x1080,AMD A6-Series 9220 2.5GHz,4GB,500GB HDD,AMD Radeon 530,Windows 10,2.71kg,"12,195,727",https://images.fpt.shop/unsafe/fit-in/filters:quality(90)/fptshop.com.vn/Uploads/images/2015/Tin-Tuc/QuanLNH2/hp-envy-13-gold-3.jpg,https://images.fpt.shop/unsafe/fit-in/filters:quality(90)/fptshop.com.vn/Uploads/images/2015/Tin-Tuc/QuanLNH2/hp-envy-13-gold-3.jpg,https://images.fpt.shop/unsafe/fit-in/filters:quality(90)/fptshop.com.vn/Uploads/images/2015/Tin-Tuc/QuanLNH2/hp-envy-13-gold-3.jpg,https://images.fpt.shop/unsafe/fit-in/filters:quality(90)/fptshop.com.vn/Uploads/images/2015/Tin-Tuc/QuanLNH2/hp-envy-13-gold-4.jpg,Bộ sạc + hướng dẫn sử dụng,20,3,Lithium 4 cells
250 g6,Laptop,base,Laptop/HP,HP,"Catalog, Search",250 G6,Một sản phẩm phù hợp với các bạn sinh viên.,Notebook,15.6,1366x768,Intel Core i5 7200U 2.5GHz,4GB,1TB HDD,Intel HD Graphics 620,Windows 10,1.86kg,"13,576,150",https://images.fpt.shop/unsafe/fit-in/filters:quality(90)/fptshop.com.vn/Uploads/images/2015/Tin-Tuc/QuanLNH2/hp-envy-13-gold-5.jpg,https://images.fpt.shop/unsafe/fit-in/filters:quality(90)/fptshop.com.vn/Uploads/images/2015/Tin-Tuc/QuanLNH2/hp-envy-13-gold-5.jpg,https://images.fpt.shop/unsafe/fit-in/filters:quality(90)/fptshop.com.vn/Uploads/images/2015/Tin-Tuc/QuanLNH2/hp-envy-13-gold-5.jpg,https://images.fpt.shop/unsafe/fit-in/filters:quality(90)/fptshop.com.vn/Uploads/images/2015/Tin-Tuc/QuanLNH2/hp-envy-13-gold-6.jpg,Bộ sạc + hướng dẫn sử dụng,20,3,Lithium 4 cells
probook 450,Laptop,base,Laptop/HP,HP,"Catalog, Search",ProBook 450,Một sản phẩm phù hợp với các bạn sinh viên.,Notebook,15.6,Full HD 1920x1080,Intel Core i5 8250U 1.6GHz,8GB,256GB SSD,Nvidia GeForce 930MX,Windows 10,2.1kg,"24,419,235",https://images.fpt.shop/unsafe/fit-in/filters:quality(90)/fptshop.com.vn/Uploads/images/2015/Tin-Tuc/QuanLNH2/hp-envy-13-gold-7.jpg,https://images.fpt.shop/unsafe/fit-in/filters:quality(90)/fptshop.com.vn/Uploads/images/2015/Tin-Tuc/QuanLNH2/hp-envy-13-gold-7.jpg,https://images.fpt.shop/unsafe/fit-in/filters:quality(90)/fptshop.com.vn/Uploads/images/2015/Tin-Tuc/QuanLNH2/hp-envy-13-gold-7.jpg,https://images.fpt.shop/unsafe/fit-in/filters:quality(90)/fptshop.com.vn/Uploads/images/2015/Tin-Tuc/QuanLNH2/hp-envy-13-gold-8.jpg,Bộ sạc + hướng dẫn sử dụng,20,3,Lithium 4 cells
255 g6,Laptop,base,Laptop/HP,HP,"Catalog, Search",255 G6,Một sản phẩm phù hợp với các bạn sinh viên.,Notebook,15.6,Full HD 1920x1080,AMD A6-Series 9220 2.5GHz,4GB,256GB SSD,AMD Radeon R4 Graphics,Windows 10,1.86kg,"11,070,331",https://images.fpt.shop/unsafe/fit-in/filters:quality(90)/fptshop.com.vn/Uploads/images/2015/Tin-Tuc/QuanLNH2/hp-envy-13-gold-9.jpg,https://images.fpt.shop/unsafe/fit-in/filters:quality(90)/fptshop.com.vn/Uploads/images/2015/Tin-Tuc/QuanLNH2/hp-envy-13-gold-9.jpg,https://images.fpt.shop/unsafe/fit-in/filters:quality(90)/fptshop.com.vn/Uploads/images/2015/Tin-Tuc/QuanLNH2/hp-envy-13-gold-9.jpg,https://images.fpt.shop/unsafe/fit-in/filters:quality(90)/fptshop.com.vn/Uploads/images/2015/Tin-Tuc/QuanLNH2/hp-envy-13-gold-10.jpg,Bộ sạc + hướng dẫn sử dụng,20,3,Lithium 4 cells
ideapad 320-15ikb,Laptop,base,Laptop/Lenovo,Lenovo,"Catalog, Search",IdeaPad 320-15IKB,Một sản phẩm phù hợp với các bạn sinh viên.,Notebook,15.6,Full HD 1920x1080,Intel Core i3 7100U 2.4GHz,8GB,1TB HDD,Nvidia GeForce 940MX,No OS,2.2kg,"13,862,569",https://fptshop.com.vn/Uploads/images/2015/Tin-Tuc/QuanLNH2/lenovo-laptop-thinkpad-x1-carbon-gen-8-1.jpg,https://fptshop.com.vn/Uploads/images/2015/Tin-Tuc/QuanLNH2/lenovo-laptop-thinkpad-x1-carbon-gen-8-1.jpg,https://fptshop.com.vn/Uploads/images/2015/Tin-Tuc/QuanLNH2/lenovo-laptop-thinkpad-x1-carbon-gen-8-1.jpg,https://fptshop.com.vn/Uploads/images/2015/Tin-Tuc/QuanLNH2/lenovo-laptop-thinkpad-x1-carbon-gen-8-2.jpg,Bộ sạc + hướng dẫn sử dụng,20,3,Lithium 4 cells
legion y520-15ikbn,Laptop,base,Laptop/Lenovo,Lenovo,"Catalog, Search",Legion Y520-15IKBN,Một sản phẩm phù hợp với các bạn sinh viên.,Gaming,15.6,IPS Panel Full HD 1920x1080,Intel Core i5 7300HQ 2.5GHz,8GB,128GB SSD +  1TB HDD,Nvidia GeForce GTX 1050,Windows 10,2.5kg,"27,752,919",https://fptshop.com.vn/Uploads/images/2015/Tin-Tuc/QuanLNH2/lenovo-laptop-thinkpad-x1-carbon-gen-8-3.jpg,https://fptshop.com.vn/Uploads/images/2015/Tin-Tuc/QuanLNH2/lenovo-laptop-thinkpad-x1-carbon-gen-8-3.jpg,https://fptshop.com.vn/Uploads/images/2015/Tin-Tuc/QuanLNH2/lenovo-laptop-thinkpad-x1-carbon-gen-8-3.jpg,https://fptshop.com.vn/Uploads/images/2015/Tin-Tuc/QuanLNH2/lenovo-laptop-thinkpad-x1-carbon-gen-8-4.jpg,Bộ sạc + hướng dẫn sử dụng,20,3,Lithium 4 cells
ideapad 120s-14iap,Laptop,base,Laptop/Lenovo,Lenovo,"Catalog, Search",IdeaPad 120S-14IAP,Một sản phẩm phù hợp với các bạn sinh viên.,Notebook,14,1366x768,Intel Celeron Dual Core N3350 1.1GHz,4GB,64GB Flash Storage,Intel HD Graphics 500,Windows 10,1.44kg,"6,917,394",https://fptshop.com.vn/Uploads/images/2015/Tin-Tuc/QuanLNH2/lenovo-laptop-thinkpad-x1-carbon-gen-8-5.jpg,https://fptshop.com.vn/Uploads/images/2015/Tin-Tuc/QuanLNH2/lenovo-laptop-thinkpad-x1-carbon-gen-8-5.jpg,https://fptshop.com.vn/Uploads/images/2015/Tin-Tuc/QuanLNH2/lenovo-laptop-thinkpad-x1-carbon-gen-8-5.jpg,https://fptshop.com.vn/Uploads/images/2015/Tin-Tuc/QuanLNH2/lenovo-laptop-thinkpad-x1-carbon-gen-8-6.jpg,Bộ sạc + hướng dẫn sử dụng,20,3,Lithium 4 cells
ideapad 320-15isk,Laptop,base,Laptop/Lenovo,Lenovo,"Catalog, Search",IdeaPad 320-15ISK,Một sản phẩm phù hợp với các bạn sinh viên.,Notebook,15.6,1366x768,Intel Core i3 6006U 2GHz,4GB,128GB SSD,Intel HD Graphics 520,No OS,2.2kg,"10,251,078",https://fptshop.com.vn/Uploads/images/2015/Tin-Tuc/QuanLNH2/lenovo-laptop-thinkpad-x1-carbon-gen-8-7.jpg,https://fptshop.com.vn/Uploads/images/2015/Tin-Tuc/QuanLNH2/lenovo-laptop-thinkpad-x1-carbon-gen-8-7.jpg,https://fptshop.com.vn/Uploads/images/2015/Tin-Tuc/QuanLNH2/lenovo-laptop-thinkpad-x1-carbon-gen-8-7.jpg,https://fptshop.com.vn/Uploads/images/2015/Tin-Tuc/QuanLNH2/lenovo-laptop-thinkpad-x1-carbon-gen-8-8.jpg,Bộ sạc + hướng dẫn sử dụng,20,3,Lithium 4 cells
yoga book,Laptop,base,Laptop/Lenovo,Lenovo,"Catalog, Search",Yoga Book,Một sản phẩm phù hợp với các bạn sinh viên.,2 in 1 Convertible,10.1,IPS Panel Touchscreen 1920x1200,Intel Atom x5-Z8550 1.44GHz,4GB,64GB Flash Storage,Intel HD Graphics 400,Android,0.69kg,"8,862,043",https://fptshop.com.vn/Uploads/images/2015/Tin-Tuc/QuanLNH2/lenovo-laptop-thinkpad-x1-carbon-gen-8-9.jpg,https://fptshop.com.vn/Uploads/images/2015/Tin-Tuc/QuanLNH2/lenovo-laptop-thinkpad-x1-carbon-gen-8-9.jpg,https://fptshop.com.vn/Uploads/images/2015/Tin-Tuc/QuanLNH2/lenovo-laptop-thinkpad-x1-carbon-gen-8-9.jpg,https://fptshop.com.vn/Uploads/images/2015/Tin-Tuc/QuanLNH2/lenovo-laptop-thinkpad-x1-carbon-gen-8-10.jpg,Bộ sạc + hướng dẫn sử dụng,20,3,Lithium 4 cells
ideapad 520s-14ikb,Laptop,base,Laptop/Lenovo,Lenovo,"Catalog, Search",IdeaPad 520S-14IKB,Một sản phẩm phù hợp với các bạn sinh viên.,Notebook,14,IPS Panel Full HD 1920x1080,Intel Core i3 7130U 2.7GHz,8GB,256GB SSD,Intel HD Graphics 620,No OS,1.7kg,"16,640,639",https://fptshop.com.vn/Uploads/images/2015/Tin-Tuc/QuanLNH2/lenovo-laptop-thinkpad-x1-carbon-gen-8-11.jpg,https://fptshop.com.vn/Uploads/images/2015/Tin-Tuc/QuanLNH2/lenovo-laptop-thinkpad-x1-carbon-gen-8-11.jpg,https://fptshop.com.vn/Uploads/images/2015/Tin-Tuc/QuanLNH2/lenovo-laptop-thinkpad-x1-carbon-gen-8-11.jpg,https://fptshop.com.vn/Uploads/images/2015/Tin-Tuc/QuanLNH2/lenovo-laptop-thinkpad-x1-carbon-gen-8-12.jpg,Bộ sạc + hướng dẫn sử dụng,20,3,Lithium 4 cells
v310-15isk (i5-7200u/4gb/1tb/fhd/w10),Laptop,base,Laptop/Lenovo,Lenovo,"Catalog, Search",V310-15ISK (i5-7200U/4GB/1TB/FHD/W10),Một sản phẩm phù hợp với các bạn sinh viên.,Notebook,15.6,Full HD 1920x1080,Intel Core i5 7200U 2.5GHz,4GB,1TB HDD,Intel HD Graphics 620,Windows 10,1.9kg,"15,251,604",https://fptshop.com.vn/Uploads/images/2015/Tin-Tuc/QuanLNH2/lenovo-laptop-thinkpad-x1-carbon-gen-8-13.jpg,https://fptshop.com.vn/Uploads/images/2015/Tin-Tuc/QuanLNH2/lenovo-laptop-thinkpad-x1-carbon-gen-8-13.jpg,https://fptshop.com.vn/Uploads/images/2015/Tin-Tuc/QuanLNH2/lenovo-laptop-thinkpad-x1-carbon-gen-8-13.jpg,https://fptshop.com.vn/Uploads/images/2015/Tin-Tuc/QuanLNH2/lenovo-laptop-thinkpad-x1-carbon-gen-8-14.jpg,Bộ sạc + hướng dẫn sử dụng,20,3,Lithium 4 cells
ideapad 320-15ikbn,Laptop,base,Laptop/Lenovo,Lenovo,"Catalog, Search",IdeaPad 320-15IKBN,Một sản phẩm phù hợp với các bạn sinh viên.,Notebook,15.6,Full HD 1920x1080,Intel Core i5 7200U 2.5GHz,8GB,2TB HDD,Intel HD Graphics 620,No OS,2.2kg,"14,418,183",https://fptshop.com.vn/Uploads/images/2015/Tin-Tuc/QuanLNH2/lenovo-laptop-thinkpad-x1-carbon-gen-8-15.jpg,https://fptshop.com.vn/Uploads/images/2015/Tin-Tuc/QuanLNH2/lenovo-laptop-thinkpad-x1-carbon-gen-8-15.jpg,https://fptshop.com.vn/Uploads/images/2015/Tin-Tuc/QuanLNH2/lenovo-laptop-thinkpad-x1-carbon-gen-8-15.jpg,https://fptshop.com.vn/Uploads/images/2015/Tin-Tuc/QuanLNH2/lenovo-laptop-thinkpad-x1-carbon-gen-8-16.jpg,Bộ sạc + hướng dẫn sử dụng,20,3,Lithium 4 cells
ideapad 320-15ast,Laptop,base,Laptop/Lenovo,Lenovo,"Catalog, Search",IdeaPad 320-15AST,Một sản phẩm phù hợp với các bạn sinh viên.,Notebook,15.6,Full HD 1920x1080,AMD A6-Series 9220 2.5GHz,4GB,128GB SSD,AMD R4 Graphics,Windows 10,2.2kg,"11,084,499",https://fptshop.com.vn/Uploads/images/2015/Tin-Tuc/QuanLNH2/lenovo-laptop-thinkpad-x1-carbon-gen-8-17.jpg,https://fptshop.com.vn/Uploads/images/2015/Tin-Tuc/QuanLNH2/lenovo-laptop-thinkpad-x1-carbon-gen-8-17.jpg,https://fptshop.com.vn/Uploads/images/2015/Tin-Tuc/QuanLNH2/lenovo-laptop-thinkpad-x1-carbon-gen-8-17.jpg,https://fptshop.com.vn/Uploads/images/2015/Tin-Tuc/QuanLNH2/lenovo-laptop-thinkpad-x1-carbon-gen-8-18.jpg,Bộ sạc + hướng dẫn sử dụng,20,3,Lithium 4 cells
ideapad 310-15isk,Laptop,base,Laptop/Lenovo,Lenovo,"Catalog, Search",Ideapad 310-15ISK,Một sản phẩm phù hợp với các bạn sinh viên.,Notebook,15.6,Full HD 1920x1080,Intel Core i3 6006U 2GHz,4GB,1TB HDD,Intel HD Graphics 520,Windows 10,1.85kg,"11,526,212",https://fptshop.com.vn/Uploads/images/2015/Tin-Tuc/QuanLNH2/lenovo-laptop-thinkpad-x1-carbon-gen-8-19.jpg,https://fptshop.com.vn/Uploads/images/2015/Tin-Tuc/QuanLNH2/lenovo-laptop-thinkpad-x1-carbon-gen-8-19.jpg,https://fptshop.com.vn/Uploads/images/2015/Tin-Tuc/QuanLNH2/lenovo-laptop-thinkpad-x1-carbon-gen-8-19.jpg,https://fptshop.com.vn/Uploads/images/2015/Tin-Tuc/QuanLNH2/lenovo-laptop-thinkpad-x1-carbon-gen-8-20.jpg,Bộ sạc + hướng dẫn sử dụng,20,3,Lithium 4 cells
gs73vr 7rg,Laptop,base,Laptop/MSI,MSI,"Catalog, Search",GS73VR 7RG,Một sản phẩm phù hợp với các bạn sinh viên.,Gaming,17.3,Full HD 1920x1080,Intel Core i7 7700HQ 2.8GHz,16GB,256GB SSD +  2TB HDD,Nvidia GeForce GTX 1070,Windows 10,2.43kg,"68,034,934",https://fptshop.com.vn/Uploads/images/2015/Tin-Tuc/QuanLNH2/msi-leopard-gl65-1.jpg,https://fptshop.com.vn/Uploads/images/2015/Tin-Tuc/QuanLNH2/msi-leopard-gl65-1.jpg,https://fptshop.com.vn/Uploads/images/2015/Tin-Tuc/QuanLNH2/msi-leopard-gl65-1.jpg,https://fptshop.com.vn/Uploads/images/2015/Tin-Tuc/QuanLNH2/msi-leopard-gl65-2.jpg,Bộ sạc + hướng dẫn sử dụng,20,3,Lithium 4 cells
gl72m 7rdx,Laptop,base,Laptop/MSI,MSI,"Catalog, Search",GL72M 7RDX,Một sản phẩm phù hợp với các bạn sinh viên.,Gaming,17.3,Full HD 1920x1080,Intel Core i5 7300HQ 2.5GHz,8GB,128GB SSD +  1TB HDD,Nvidia GeForce GTX 1050,Windows 10,2.7kg,"30,419,867",https://fptshop.com.vn/Uploads/images/2015/Tin-Tuc/QuanLNH2/msi-leopard-gl65-3.jpg,https://fptshop.com.vn/Uploads/images/2015/Tin-Tuc/QuanLNH2/msi-leopard-gl65-3.jpg,https://fptshop.com.vn/Uploads/images/2015/Tin-Tuc/QuanLNH2/msi-leopard-gl65-3.jpg,https://fptshop.com.vn/Uploads/images/2015/Tin-Tuc/QuanLNH2/msi-leopard-gl65-4.jpg,Bộ sạc + hướng dẫn sử dụng,20,3,Lithium 4 cells
gp62m 7rex,Laptop,base,Laptop/MSI,MSI,"Catalog, Search",GP62M 7REX,Một sản phẩm phù hợp với các bạn sinh viên.,Gaming,15.6,Full HD 1920x1080,Intel Core i7 7700HQ 2.8GHz,16GB,256GB SSD +  1TB HDD,Nvidia GeForce GTX 1050 Ti,Windows 10,2.2kg,"36,087,129",https://fptshop.com.vn/Uploads/images/2015/Tin-Tuc/QuanLNH2/msi-leopard-gl65-5.jpg,https://fptshop.com.vn/Uploads/images/2015/Tin-Tuc/QuanLNH2/msi-leopard-gl65-5.jpg,https://fptshop.com.vn/Uploads/images/2015/Tin-Tuc/QuanLNH2/msi-leopard-gl65-5.jpg,https://fptshop.com.vn/Uploads/images/2015/Tin-Tuc/QuanLNH2/msi-leopard-gl65-6.jpg,Bộ sạc + hướng dẫn sử dụng,20,3,Lithium 4 cells
gs63vr 7rg,Laptop,base,Laptop/MSI,MSI,"Catalog, Search",GS63VR 7RG,Một sản phẩm phù hợp với các bạn sinh viên.,Gaming,15.6,Full HD 1920x1080,Intel Core i7 7700HQ 2.8GHz,16GB,256GB SSD +  2TB HDD,Nvidia GeForce GTX 1070,Windows 10,1.8kg,"62,270,439",https://fptshop.com.vn/Uploads/images/2015/Tin-Tuc/QuanLNH2/msi-leopard-gl65-7.jpg,https://fptshop.com.vn/Uploads/images/2015/Tin-Tuc/QuanLNH2/msi-leopard-gl65-7.jpg,https://fptshop.com.vn/Uploads/images/2015/Tin-Tuc/QuanLNH2/msi-leopard-gl65-7.jpg,https://fptshop.com.vn/Uploads/images/2015/Tin-Tuc/QuanLNH2/msi-leopard-gl65-8.jpg,Bộ sạc + hướng dẫn sử dụng,20,3,Lithium 4 cells
ge72mvr 7rg,Laptop,base,Laptop/MSI,MSI,"Catalog, Search",GE72MVR 7RG,Một sản phẩm phù hợp với các bạn sinh viên.,Gaming,17.3,Full HD 1920x1080,Intel Core i7 7700HQ 2.8GHz,16GB,256GB SSD +  1TB HDD,Nvidia GeForce GTX 1070,Windows 10,2.9kg,"56,367,040",https://fptshop.com.vn/Uploads/images/2015/Tin-Tuc/QuanLNH2/msi-leopard-gl65-9.jpg,https://fptshop.com.vn/Uploads/images/2015/Tin-Tuc/QuanLNH2/msi-leopard-gl65-9.jpg,https://fptshop.com.vn/Uploads/images/2015/Tin-Tuc/QuanLNH2/msi-leopard-gl65-9.jpg,https://fptshop.com.vn/Uploads/images/2015/Tin-Tuc/QuanLNH2/msi-leopard-gl65-10.jpg,Bộ sạc + hướng dẫn sử dụng,20,3,Lithium 4 cells
ge73vr 7re,Laptop,base,Laptop/MSI,MSI,"Catalog, Search",GE73VR 7RE,Một sản phẩm phù hợp với các bạn sinh viên.,Gaming,17.3,Full HD 1920x1080,Intel Core i7 7700HQ 2.8GHz,16GB,256GB SSD +  1TB HDD,Nvidia GeForce GTX 1060,Windows 10,2.8kg,"52,505,523",https://fptshop.com.vn/Uploads/images/2015/Tin-Tuc/QuanLNH2/msi-bravo-15-fpt-1.jpg,https://fptshop.com.vn/Uploads/images/2015/Tin-Tuc/QuanLNH2/msi-bravo-15-fpt-1.jpg,https://fptshop.com.vn/Uploads/images/2015/Tin-Tuc/QuanLNH2/msi-bravo-15-fpt-1.jpg,https://fptshop.com.vn/Uploads/images/2015/Tin-Tuc/QuanLNH2/msi-bravo-15-fpt-2.jpg,Bộ sạc + hướng dẫn sử dụng,20,3,Lithium 4 cells
ge63vr 7re,Laptop,base,Laptop/MSI,MSI,"Catalog, Search",GE63VR 7RE,Một sản phẩm phù hợp với các bạn sinh viên.,Gaming,15.6,IPS Panel Full HD 1920x1080,Intel Core i7 7700HQ 2.8GHz,16GB,256GB SSD +  1TB HDD,Nvidia GeForce GTX 1060,Windows 10,2.4kg,"49,977,479",https://fptshop.com.vn/Uploads/images/2015/Tin-Tuc/QuanLNH2/msi-bravo-15-fpt-3.jpg,https://fptshop.com.vn/Uploads/images/2015/Tin-Tuc/QuanLNH2/msi-bravo-15-fpt-3.jpg,https://fptshop.com.vn/Uploads/images/2015/Tin-Tuc/QuanLNH2/msi-bravo-15-fpt-3.jpg,https://fptshop.com.vn/Uploads/images/2015/Tin-Tuc/QuanLNH2/msi-bravo-15-fpt-4.jpg,Bộ sạc + hướng dẫn sử dụng,20,3,Lithium 4 cells
gt80s 6qf-074us,Laptop,base,Laptop/MSI,MSI,"Catalog, Search",GT80S 6QF-074US,Một sản phẩm phù hợp với các bạn sinh viên.,Gaming,18.4,Full HD 1920x1080,Intel Core i7 6920HQ 2.9GHz,32GB,512GB SSD +  1TB HDD,Nvidia GTX 980 SLI,Windows 10,4.4kg,"77,758,179",https://fptshop.com.vn/Uploads/images/2015/Tin-Tuc/QuanLNH2/msi-bravo-15-fpt-5.jpg,https://fptshop.com.vn/Uploads/images/2015/Tin-Tuc/QuanLNH2/msi-bravo-15-fpt-5.jpg,https://fptshop.com.vn/Uploads/images/2015/Tin-Tuc/QuanLNH2/msi-bravo-15-fpt-5.jpg,https://fptshop.com.vn/Uploads/images/2015/Tin-Tuc/QuanLNH2/msi-bravo-15-fpt-6.jpg,Bộ sạc + hướng dẫn sử dụng,20,3,Lithium 4 cells
gt73evr 7re,Laptop,base,Laptop/MSI,MSI,"Catalog, Search",GT73EVR 7RE,Một sản phẩm phù hợp với các bạn sinh viên.,Gaming,17.3,Full HD 1920x1080,Intel Core i7 7700HQ 2.8GHz,16GB,512GB SSD +  1TB HDD,Nvidia GeForce GTX 1070,Windows 10,4.14kg,"69,423,969",https://fptshop.com.vn/Uploads/images/2015/Tin-Tuc/QuanLNH2/msi-bravo-15-fpt-7.jpg,https://fptshop.com.vn/Uploads/images/2015/Tin-Tuc/QuanLNH2/msi-bravo-15-fpt-7.jpg,https://fptshop.com.vn/Uploads/images/2015/Tin-Tuc/QuanLNH2/msi-bravo-15-fpt-7.jpg,https://fptshop.com.vn/Uploads/images/2015/Tin-Tuc/QuanLNH2/msi-bravo-15-fpt-8.jpg,Bộ sạc + hướng dẫn sử dụng,20,3,Lithium 4 cells
ge63vr 7rf,Laptop,base,Laptop/MSI,MSI,"Catalog, Search",GE63VR 7RF,Một sản phẩm phù hợp với các bạn sinh viên.,Gaming,15.6,IPS Panel Full HD 1920x1080,Intel Core i7 7700HQ 2.8GHz,16GB,256GB SSD +  1TB HDD,Nvidia GeForce GTX 1070,Windows 10,2.8kg,"58,311,689",https://fptshop.com.vn/Uploads/images/2015/Tin-Tuc/QuanLNH2/msi-bravo-15-fpt-9.jpg,https://fptshop.com.vn/Uploads/images/2015/Tin-Tuc/QuanLNH2/msi-bravo-15-fpt-9.jpg,https://fptshop.com.vn/Uploads/images/2015/Tin-Tuc/QuanLNH2/msi-bravo-15-fpt-9.jpg,https://fptshop.com.vn/Uploads/images/2015/Tin-Tuc/QuanLNH2/msi-bravo-15-fpt-10.jpg,Bộ sạc + hướng dẫn sử dụng,20,3,Lithium 4 cells
chromebook 3,Laptop,base,Laptop/Samsung,Samsung,"Catalog, Search",Chromebook 3,Một sản phẩm phù hợp với các bạn sinh viên.,Netbook,11.6,1366x768,Intel Celeron Dual Core N3060 1.6GHz,4GB,16GB Flash Storage,Intel HD Graphics 400,Chrome OS,1.15kg,"7,473,008","https://images-na.ssl-images-amazon.com/images/I/614FX0jg1jL._SR400,400_.jpg","https://images-na.ssl-images-amazon.com/images/I/614FX0jg1jL._SR400,400_.jpg","https://images-na.ssl-images-amazon.com/images/I/614FX0jg1jL._SR400,400_.jpg",https://images-na.ssl-images-amazon.com/images/I/61YxENglXFL.jpg,Bộ sạc + hướng dẫn sử dụng,20,3,Lithium 4 cells
notebook odyssey,Laptop,base,Laptop/Samsung,Samsung,"Catalog, Search",Notebook Odyssey,Một sản phẩm phù hợp với các bạn sinh viên.,Notebook,15.6,Full HD 1920x1080,Intel Core i7 7700HQ 2.8GHz,16GB,128GB SSD +  1TB HDD,Nvidia GeForce GTX 1050,Windows 10,2.5kg,"47,199,409",https://images-na.ssl-images-amazon.com/images/I/51q3XjrareL.jpg,https://images-na.ssl-images-amazon.com/images/I/51q3XjrareL.jpg,https://images-na.ssl-images-amazon.com/images/I/51q3XjrareL.jpg,https://images-na.ssl-images-amazon.com/images/I/61He1MuJv5L.jpg,Bộ sạc + hướng dẫn sử dụng,20,3,Lithium 4 cells
notebook 9,Laptop,base,Laptop/Samsung,Samsung,"Catalog, Search",Notebook 9,Một sản phẩm phù hợp với các bạn sinh viên.,Ultrabook,13.3,Full HD 1920x1080,Intel Core i7 7500U 2.7GHz,16GB,256GB SSD,Intel HD Graphics 620,Windows 10,0.81kg,"45,810,374",https://images-na.ssl-images-amazon.com/images/I/51MUB0EBEQL.jpg,https://images-na.ssl-images-amazon.com/images/I/51MUB0EBEQL.jpg,https://images-na.ssl-images-amazon.com/images/I/51MUB0EBEQL.jpg,"https://images-na.ssl-images-amazon.com/images/I/61He1MuJv5L._SR400,400_.jpg",Bộ sạc + hướng dẫn sử dụng,20,3,Lithium 4 cells
notebook 9,Laptop,base,Laptop/Samsung,Samsung,"Catalog, Search",Notebook 9,Một sản phẩm phù hợp với các bạn sinh viên.,Ultrabook,13.3,Full HD / Touchscreen 1920x1080,Intel Core i7 7500U 2.7GHz,8GB,256GB SSD,Intel HD Graphics 620,Windows 10,1.31kg,"44,421,339",https://images-na.ssl-images-amazon.com/images/I/51xZBupOZML.jpg,https://images-na.ssl-images-amazon.com/images/I/51xZBupOZML.jpg,https://images-na.ssl-images-amazon.com/images/I/51xZBupOZML.jpg,https://images-na.ssl-images-amazon.com/images/I/614FX0jg1jL.jpg,Bộ sạc + hướng dẫn sử dụng,20,3,Lithium 4 cells
notebook 9,Laptop,base,Laptop/Samsung,Samsung,"Catalog, Search",Notebook 9,Một sản phẩm phù hợp với các bạn sinh viên.,2 in 1 Convertible,15,Full HD / Touchscreen 1920x1080,Intel Core i7 7500U 2.7GHz,16GB,256GB SSD,AMD Radeon 540,Windows 10,1.71kg,"49,977,479",https://images-na.ssl-images-amazon.com/images/I/61He1MuJv5L.jpg,https://images-na.ssl-images-amazon.com/images/I/61He1MuJv5L.jpg,https://images-na.ssl-images-amazon.com/images/I/61He1MuJv5L.jpg,"https://images-na.ssl-images-amazon.com/images/I/614FX0jg1jL._SR400,400_.jpg",Bộ sạc + hướng dẫn sử dụng,20,3,Lithium 4 cells
notebook 9,Laptop,base,Laptop/Samsung,Samsung,"Catalog, Search",Notebook 9,Một sản phẩm phù hợp với các bạn sinh viên.,Ultrabook,13.3,Full HD 1920x1080,Intel Core i5 7200U 2.5GHz,8GB,256GB SSD,Intel HD Graphics 620,Windows 10,0.81kg,"41,643,269",https://images-na.ssl-images-amazon.com/images/I/61YxENglXFL.jpg,https://images-na.ssl-images-amazon.com/images/I/61YxENglXFL.jpg,https://images-na.ssl-images-amazon.com/images/I/61YxENglXFL.jpg,https://images-na.ssl-images-amazon.com/images/I/51xZBupOZML.jpg,Bộ sạc + hướng dẫn sử dụng,20,3,Lithium 4 cells
notebook 9,Laptop,base,Laptop/Samsung,Samsung,"Catalog, Search",Notebook 9,Một sản phẩm phù hợp với các bạn sinh viên.,Ultrabook,15,Full HD 1920x1080,Intel Core i7 7500U 2.7GHz,16GB,256GB SSD,Nvidia GeForce 940MX,Windows 10,1.23kg,"51,366,514",https://images-na.ssl-images-amazon.com/images/I/614FX0jg1jL.jpg,https://images-na.ssl-images-amazon.com/images/I/614FX0jg1jL.jpg,https://images-na.ssl-images-amazon.com/images/I/614FX0jg1jL.jpg,"https://images-na.ssl-images-amazon.com/images/I/51xZBupOZML._SR400,400_.jpg",Bộ sạc + hướng dẫn sử dụng,20,3,Lithium 4 cells
notebook 9,Laptop,base,Laptop/Samsung,Samsung,"Catalog, Search",Notebook 9,Một sản phẩm phù hợp với các bạn sinh viên.,Ultrabook,15,Full HD 1920x1080,Intel Core i7 7500U 2.7GHz,8GB,256GB SSD,Intel HD Graphics 620,Windows 10,1.17kg,"47,199,409","https://images-na.ssl-images-amazon.com/images/I/51MUB0EBEQL._SR400,400_.jpg","https://images-na.ssl-images-amazon.com/images/I/51MUB0EBEQL._SR400,400_.jpg","https://images-na.ssl-images-amazon.com/images/I/51MUB0EBEQL._SR400,400_.jpg",https://images-na.ssl-images-amazon.com/images/I/51q3XjrareL.jpg,Bộ sạc + hướng dẫn sử dụng,20,3,Lithium 4 cells
chromebook plus,Laptop,base,Laptop/Samsung,Samsung,"Catalog, Search",Chromebook Plus,Một sản phẩm phù hợp với các bạn sinh viên.,2 in 1 Convertible,12.3,IPS Panel Touchscreen 2400x1600,Samsung Cortex A72&A53 2.0GHz,4GB,32GB Flash Storage,ARM Mali T860 MP4,Chrome OS,1.15kg,"18,307,481","https://images-na.ssl-images-amazon.com/images/I/51xZBupOZML._SR400,400_.jpg","https://images-na.ssl-images-amazon.com/images/I/51xZBupOZML._SR400,400_.jpg","https://images-na.ssl-images-amazon.com/images/I/51xZBupOZML._SR400,400_.jpg",https://images-na.ssl-images-amazon.com/images/I/51MUB0EBEQL.jpg,Bộ sạc + hướng dẫn sử dụng,20,3,Lithium 4 cells
chromebook plus,Laptop,base,Laptop/Samsung,Samsung,"Catalog, Search",Chromebook Plus,Một sản phẩm phù hợp với các bạn sinh viên.,2 in 1 Convertible,12.3,IPS Panel Touchscreen 2400x1600,Samsung Cortex A72&A53 2.0GHz,4GB,32GB Flash Storage,ARM Mali T860 MP4,Chrome OS,1.15kg,"21,085,551","https://images-na.ssl-images-amazon.com/images/I/61He1MuJv5L._SR400,400_.jpg","https://images-na.ssl-images-amazon.com/images/I/61He1MuJv5L._SR400,400_.jpg","https://images-na.ssl-images-amazon.com/images/I/61He1MuJv5L._SR400,400_.jpg","https://images-na.ssl-images-amazon.com/images/I/51MUB0EBEQL._SR400,400_.jpg",Bộ sạc + hướng dẫn sử dụng,20,3,Lithium 4 cells
satellite pro,Laptop,base,Laptop/Toshiba,Toshiba,"Catalog, Search",Satellite Pro,Một sản phẩm phù hợp với các bạn sinh viên.,Notebook,15.6,1366x768,Intel Core i5 6200U 2.3GHz,4GB,500GB HDD,Intel HD Graphics 520,Windows 10,2.1kg,"16,723,981",https://images-na.ssl-images-amazon.com/images/I/61XVCN5ZuJL.jpg,https://images-na.ssl-images-amazon.com/images/I/61XVCN5ZuJL.jpg,https://images-na.ssl-images-amazon.com/images/I/61XVCN5ZuJL.jpg,https://images-na.ssl-images-amazon.com/images/I/71x-gc10lVL.jpg,Bộ sạc + hướng dẫn sử dụng,20,3,Lithium 4 cells
satellite pro,Laptop,base,Laptop/Toshiba,Toshiba,"Catalog, Search",Satellite Pro,Một sản phẩm phù hợp với các bạn sinh viên.,Notebook,15.6,1366x768,Intel Core i3 6006U 2.2GHz,4GB,500GB HDD,Intel HD Graphics 520,Windows 10,2.1kg,"12,417,973",https://images-na.ssl-images-amazon.com/images/I/616T0aXZytL.jpg,https://images-na.ssl-images-amazon.com/images/I/616T0aXZytL.jpg,https://images-na.ssl-images-amazon.com/images/I/616T0aXZytL.jpg,https://images-na.ssl-images-amazon.com/images/I/71G72FtLibL.jpg,Bộ sạc + hướng dẫn sử dụng,20,3,Lithium 4 cells
satellite pro,Laptop,base,Laptop/Toshiba,Toshiba,"Catalog, Search",Satellite Pro,Một sản phẩm phù hợp với các bạn sinh viên.,Notebook,15.6,1366x768,Intel Core i3 7100U 2.4GHz,4GB,500GB HDD,Intel HD Graphics 620,Windows 10,2kg,"13,584,762",https://images-na.ssl-images-amazon.com/images/I/61x9vVD77zL.jpg,https://images-na.ssl-images-amazon.com/images/I/61x9vVD77zL.jpg,https://images-na.ssl-images-amazon.com/images/I/61x9vVD77zL.jpg,https://images-na.ssl-images-amazon.com/images/I/71G72FtLibL.jpg,Bộ sạc + hướng dẫn sử dụng,20,3,Lithium 4 cells
satellite pro,Laptop,base,Laptop/Toshiba,Toshiba,"Catalog, Search",Satellite Pro,Một sản phẩm phù hợp với các bạn sinh viên.,Notebook,15.6,1366x768,Intel Core i5 7200U 2.5GHz,8GB,128GB SSD,Intel HD Graphics 620,Windows 10,2.0kg,"22,030,095",https://images-na.ssl-images-amazon.com/images/I/6121KaFvFcL.jpg,https://images-na.ssl-images-amazon.com/images/I/6121KaFvFcL.jpg,https://images-na.ssl-images-amazon.com/images/I/6121KaFvFcL.jpg,https://images-na.ssl-images-amazon.com/images/I/61XVCN5ZuJL.jpg,Bộ sạc + hướng dẫn sử dụng,20,3,Lithium 4 cells
portege z30-c-16l,Laptop,base,Laptop/Toshiba,Toshiba,"Catalog, Search",Portege Z30-C-16L,Một sản phẩm phù hợp với các bạn sinh viên.,Ultrabook,13.3,Full HD 1920x1080,Intel Core i7 6500U 2.5GHz,8GB,256GB SSD,Intel HD Graphics 520,Windows 10,1.2kg,"37,865,094",https://images-na.ssl-images-amazon.com/images/I/61DHspctfIL.jpg,https://images-na.ssl-images-amazon.com/images/I/61DHspctfIL.jpg,https://images-na.ssl-images-amazon.com/images/I/61DHspctfIL.jpg,https://images-na.ssl-images-amazon.com/images/I/61x9vVD77zL.jpg,Bộ sạc + hướng dẫn sử dụng,20,3,Lithium 4 cells
satellite pro,Laptop,base,Laptop/Toshiba,Toshiba,"Catalog, Search",Satellite Pro,Một sản phẩm phù hợp với các bạn sinh viên.,Notebook,15.6,1366x768,Intel Core i7 6500U 2.5GHz,8GB,500GB HDD,Nvidia GeForce 930M,Windows 10,2.2kg,"22,557,928",https://images-na.ssl-images-amazon.com/images/I/61Ti5fmkisL.jpg,https://images-na.ssl-images-amazon.com/images/I/61Ti5fmkisL.jpg,https://images-na.ssl-images-amazon.com/images/I/61Ti5fmkisL.jpg,https://images-na.ssl-images-amazon.com/images/I/61x9vVD77zL.jpg,Bộ sạc + hướng dẫn sử dụng,20,3,Lithium 4 cells
satellite pro,Laptop,base,Laptop/Toshiba,Toshiba,"Catalog, Search",Satellite Pro,Một sản phẩm phù hợp với các bạn sinh viên.,Notebook,15.6,IPS Panel Full HD 1920x1080,Intel Core i7 6500U 2.5GHz,8GB,256GB SSD,Nvidia GeForce 930M,Windows 10,2.2kg,"28,975,270",https://images-na.ssl-images-amazon.com/images/I/71x-gc10lVL.jpg,https://images-na.ssl-images-amazon.com/images/I/71x-gc10lVL.jpg,https://images-na.ssl-images-amazon.com/images/I/71x-gc10lVL.jpg,https://images-na.ssl-images-amazon.com/images/I/61Ti5fmkisL.jpg,Bộ sạc + hướng dẫn sử dụng,20,3,Lithium 4 cells
satellite pro,Laptop,base,Laptop/Toshiba,Toshiba,"Catalog, Search",Satellite Pro,Một sản phẩm phù hợp với các bạn sinh viên.,Notebook,15.6,IPS Panel Full HD 1920x1080,Intel Core i5 7200U 2.5GHz,8GB,256GB SSD,Intel HD Graphics 620,Windows 10,2.0kg,"26,197,200",https://images-na.ssl-images-amazon.com/images/I/71G72FtLibL.jpg,https://images-na.ssl-images-amazon.com/images/I/71G72FtLibL.jpg,https://images-na.ssl-images-amazon.com/images/I/71G72FtLibL.jpg,https://images-na.ssl-images-amazon.com/images/I/61DHspctfIL.jpg,Bộ sạc + hướng dẫn sử dụng,20,3,Lithium 4 cells
tecra a50-c-21g,Laptop,base,Laptop/Toshiba,Toshiba,"Catalog, Search",Tecra A50-C-21G,Một sản phẩm phù hợp với các bạn sinh viên.,Notebook,15.6,IPS Panel Full HD 1920x1080,Intel Core i7 6500U 2.5GHz,16GB,512GB SSD,Nvidia GeForce 930M,Windows 10,2.4kg,"38,976,322",https://images-na.ssl-images-amazon.com/images/I/71G72FtLibL.jpg,https://images-na.ssl-images-amazon.com/images/I/71G72FtLibL.jpg,https://images-na.ssl-images-amazon.com/images/I/71G72FtLibL.jpg,https://images-na.ssl-images-amazon.com/images/I/616T0aXZytL.jpg,Bộ sạc + hướng dẫn sử dụng,20,3,Lithium 4 cells
portege z30-c-16p,Laptop,base,Laptop/Toshiba,Toshiba,"Catalog, Search",Portege Z30-C-16P,Một sản phẩm phù hợp với các bạn sinh viên.,Ultrabook,13.3,Full HD 1920x1080,Intel Core i7 6500U 2.5GHz,16GB,512GB SSD,Intel HD Graphics 520,Windows 10,1.2kg,"48,532,883",https://images-na.ssl-images-amazon.com/images/I/616T0aXZytL.jpg,https://images-na.ssl-images-amazon.com/images/I/616T0aXZytL.jpg,https://images-na.ssl-images-amazon.com/images/I/616T0aXZytL.jpg,https://images-na.ssl-images-amazon.com/images/I/616T0aXZytL.jpg,Bộ sạc + hướng dẫn sử dụng,20,3,Lithium 4 cells
portege x30-d-10j,Laptop,base,Laptop/Toshiba,Toshiba,"Catalog, Search",Portege X30-D-10J,Một sản phẩm phù hợp với các bạn sinh viên.,Notebook,13.3,IPS Panel Full HD 1920x1080,Intel Core i5 7200U 2.5GHz,8GB,256GB SSD,Intel HD Graphics 620,Windows 10,1.05kg,"46,449,330",https://images-na.ssl-images-amazon.com/images/I/61x9vVD77zL.jpg,https://images-na.ssl-images-amazon.com/images/I/61x9vVD77zL.jpg,https://images-na.ssl-images-amazon.com/images/I/61x9vVD77zL.jpg,https://images-na.ssl-images-amazon.com/images/I/6121KaFvFcL.jpg,Bộ sạc + hướng dẫn sử dụng,20,3,Lithium 4 cells
portege x30-d-10l,Laptop,base,Laptop/Toshiba,Toshiba,"Catalog, Search",Portege X30-D-10L,Một sản phẩm phù hợp với các bạn sinh viên.,Ultrabook,13.3,Full HD / Touchscreen 1920x1080,Intel Core i7 7500U 2.7GHz,32GB,512GB SSD,Intel HD Graphics 620,Windows 10,1.05kg,"77,758,179",https://images-na.ssl-images-amazon.com/images/I/6121KaFvFcL.jpg,https://images-na.ssl-images-amazon.com/images/I/6121KaFvFcL.jpg,https://images-na.ssl-images-amazon.com/images/I/6121KaFvFcL.jpg,https://images-na.ssl-images-amazon.com/images/I/6121KaFvFcL.jpg,Bộ sạc + hướng dẫn sử dụng,20,3,Lithium 4 cells
blade pro,Laptop,base,Laptop/Razer,Razer,"Catalog, Search",Blade Pro,Một sản phẩm phù hợp với các bạn sinh viên.,Gaming,17.3,4K Ultra HD / Touchscreen 3840x2160,Intel Core i7 7820HK 2.9GHz,32GB,1TB SSD,Nvidia GeForce GTX 1080,Windows 10,3.49kg,"169,434,489",https://laptop88.vn/media/lib/4464_razerblade.00_02_14_23.Still006.jpg,https://laptop88.vn/media/lib/4464_razerblade.00_02_14_23.Still006.jpg,https://laptop88.vn/media/lib/4464_razerblade.00_02_14_23.Still006.jpg,https://laptop88.vn/media/product/4464_vtv_cab_onpro_4.png,Bộ sạc + hướng dẫn sử dụng,20,3,Lithium 4 cells
blade pro,Laptop,base,Laptop/Razer,Razer,"Catalog, Search",Blade Pro,Một sản phẩm phù hợp với các bạn sinh viên.,Gaming,14,Full HD 1920x1080,Intel Core i7 7700HQ 2.8GHz,16GB,256GB SSD,Nvidia GeForce GTX 1060,Windows 10,1.95kg,"72,202,039",https://laptop88.vn/media/lib/4464_razerblade.00_01_20_12.Still002.jpg,https://laptop88.vn/media/lib/4464_razerblade.00_01_20_12.Still002.jpg,https://laptop88.vn/media/lib/4464_razerblade.00_01_20_12.Still002.jpg,https://laptop88.vn/media/lib/4464_razerblade.00_05_44_04.Still012.jpg,Bộ sạc + hướng dẫn sử dụng,20,3,Lithium 4 cells
blade pro,Laptop,base,Laptop/Razer,Razer,"Catalog, Search",Blade Pro,Một sản phẩm phù hợp với các bạn sinh viên.,Gaming,14,Full HD 1920x1080,Intel Core i7 7700HQ 2.8GHz,16GB,512GB SSD,Nvidia GeForce GTX 1060,Windows 10,1.95kg,"80,536,249",https://laptop88.vn/media/lib/4464_razerblade.00_01_44_15.Still004.jpg,https://laptop88.vn/media/lib/4464_razerblade.00_01_44_15.Still004.jpg,https://laptop88.vn/media/lib/4464_razerblade.00_01_44_15.Still004.jpg,https://laptop88.vn/media/lib/4464_razerblade.00_03_23_12.Still008.jpg,Bộ sạc + hướng dẫn sử dụng,20,3,Lithium 4 cells
blade stealth,Laptop,base,Laptop/Razer,Razer,"Catalog, Search",Blade Stealth,Một sản phẩm phù hợp với các bạn sinh viên.,Ultrabook,12.5,IPS Panel 4K Ultra HD / Touchscreen 3840x2160,Intel Core i7 7500U 2.5GHz,16GB,512GB SSD,Intel HD Graphics 620,Windows 10,1.29kg,"49,977,479",https://laptop88.vn/media/lib/4464_razerblade.00_05_44_04.Still012.jpg,https://laptop88.vn/media/lib/4464_razerblade.00_05_44_04.Still012.jpg,https://laptop88.vn/media/lib/4464_razerblade.00_05_44_04.Still012.jpg,https://laptop88.vn/media/lib/4464_razerblade.00_02_55_12.Still007.jpg,Bộ sạc + hướng dẫn sử dụng,20,3,Lithium 4 cells
blade pro,Laptop,base,Laptop/Razer,Razer,"Catalog, Search",Blade Pro,Một sản phẩm phù hợp với các bạn sinh viên.,Gaming,17.3,4K Ultra HD / Touchscreen 3840x2160,Intel Core i7 7820HK 2.9GHz,32GB,512GB SSD,Nvidia GeForce GTX 1080,Windows 10,3.49kg,"152,766,069",https://laptop88.vn/media/lib/4464_razerblade.00_01_32_05.Still003.jpg,https://laptop88.vn/media/lib/4464_razerblade.00_01_32_05.Still003.jpg,https://laptop88.vn/media/lib/4464_razerblade.00_01_32_05.Still003.jpg,https://laptop88.vn/media/lib/4464_razerblade.00_02_14_23.Still006.jpg,Bộ sạc + hướng dẫn sử dụng,20,3,Lithium 4 cells
blade stealth,Laptop,base,Laptop/Razer,Razer,"Catalog, Search",Blade Stealth,Một sản phẩm phù hợp với các bạn sinh viên.,Ultrabook,12.5,Touchscreen / 4K Ultra HD 3840x2160,Intel Core i7 6500U 2.5GHz,8GB,256GB SSD,Intel HD Graphics 520,Windows 10,1.25kg,"28,586,340",https://laptop88.vn/media/lib/4464_razerblade.00_02_55_12.Still007.jpg,https://laptop88.vn/media/lib/4464_razerblade.00_02_55_12.Still007.jpg,https://laptop88.vn/media/lib/4464_razerblade.00_02_55_12.Still007.jpg,https://laptop88.vn/media/lib/4464_razerblade.00_01_44_15.Still004.jpg,Bộ sạc + hướng dẫn sử dụng,20,3,Lithium 4 cells
blade pro,Laptop,base,Laptop/Razer,Razer,"Catalog, Search",Blade Pro,Một sản phẩm phù hợp với các bạn sinh viên.,Gaming,14,Full HD 1920x1080,Intel Core i7 7700HQ 2.8GHz,16GB,1TB SSD,Nvidia GeForce GTX 1060,Windows 10,1.95kg,"97,204,669",https://laptop88.vn/media/product/4464_vtv_cab_onpro_4.png,https://laptop88.vn/media/product/4464_vtv_cab_onpro_4.png,https://laptop88.vn/media/product/4464_vtv_cab_onpro_4.png,https://laptop88.vn/media/lib/4464_razerblade.00_01_32_05.Still003.jpg,Bộ sạc + hướng dẫn sử dụng,20,3,Lithium 4 cells
blade x,Laptop,base,Laptop/Razer,Razer,"Catalog, Search",Blade X,Một sản phẩm phù hợp với các bạn sinh viên.,Gaming,17.3,4K Ultra HD / Touchscreen 3840x2160,Intel Core i7 7820HK 2.9GHz,32GB,512GB SSD,Nvidia GeForce GTX 1080,Windows 10,3.49kg,"188,880,979",https://laptop88.vn/media/lib/4464_razerblade.00_01_20_12.Still002.jpg,https://laptop88.vn/media/lib/4464_razerblade.00_01_20_12.Still002.jpg,https://laptop88.vn/media/lib/4464_razerblade.00_01_20_12.Still002.jpg,https://laptop88.vn/media/lib/4464_razerblade.00_01_20_12.Still002.jpg,Bộ sạc + hướng dẫn sử dụng,20,3,Lithium 4 cells
blade y,Laptop,base,Laptop/Razer,Razer,"Catalog, Search",Blade Y,Một sản phẩm phù hợp với các bạn sinh viên.,Ultrabook,12.5,Touchscreen / 4K Ultra HD 3840x2160,Intel Core i7 6500U 2.5GHz,8GB,256GB SSD,Intel HD Graphics 520,Windows 10,1.25kg,"63,867,829",https://laptop88.vn/media/lib/4464_razerblade.00_01_06_20.Still001.jpg,https://laptop88.vn/media/lib/4464_razerblade.00_01_06_20.Still001.jpg,https://laptop88.vn/media/lib/4464_razerblade.00_01_06_20.Still001.jpg,https://laptop88.vn/media/lib/4464_razerblade.00_01_20_12.Still002.jpg,Bộ sạc + hướng dẫn sử dụng,20,3,Lithium 4 cells
blade pro z,Laptop,base,Laptop/Razer,Razer,"Catalog, Search",Blade Pro Z,Một sản phẩm phù hợp với các bạn sinh viên.,Gaming,14.8,Full HD 1920x1080,Intel Core i7 7700HQ 2.8GHz,16GB,1TB SSD,Nvidia GeForce GTX 1060,Windows 10,1.95kg,"141,653,789",https://laptop88.vn/media/lib/4464_razerblade.00_03_23_12.Still008.jpg,https://laptop88.vn/media/lib/4464_razerblade.00_03_23_12.Still008.jpg,https://laptop88.vn/media/lib/4464_razerblade.00_03_23_12.Still008.jpg,https://laptop88.vn/media/lib/4464_razerblade.00_01_06_20.Still001.jpg,Bộ sạc + hướng dẫn sử dụng,20,3,Lithium 4 cells
surface laptop,Laptop,base,Laptop/Microsoft,Microsoft,"Catalog, Search",Surface Laptop,Một sản phẩm phù hợp với các bạn sinh viên.,Ultrabook,13.5,Touchscreen 2256x1504,Intel Core i5 7200U 2.5GHz,4GB,128GB SSD,Intel HD Graphics 620,Windows 10 S,1.252kg,"30,253,182",https://fptshop.com.vn/Uploads/images/2015/Tin-Tuc/QuanLNH2/surface-pro-7-fpt-1.jpg,https://fptshop.com.vn/Uploads/images/2015/Tin-Tuc/QuanLNH2/surface-pro-7-fpt-1.jpg,https://fptshop.com.vn/Uploads/images/2015/Tin-Tuc/QuanLNH2/surface-pro-7-fpt-1.jpg,https://fptshop.com.vn/Uploads/images/2015/Tin-Tuc/QuanLNH2/surface-pro-7-fpt-2.jpg,Bộ sạc + hướng dẫn sử dụng,20,3,Lithium 4 cells
surface laptop,Laptop,base,Laptop/Microsoft,Microsoft,"Catalog, Search",Surface Laptop,Một sản phẩm phù hợp với các bạn sinh viên.,Ultrabook,13.5,Touchscreen 2256x1504,Intel Core i5 7200U 2.5GHz,8GB,256GB SSD,Intel HD Graphics 620,Windows 10 S,1.252kg,"37,226,138",https://fptshop.com.vn/Uploads/images/2015/Tin-Tuc/QuanLNH2/surface-pro-7-fpt-3.jpg,https://fptshop.com.vn/Uploads/images/2015/Tin-Tuc/QuanLNH2/surface-pro-7-fpt-3.jpg,https://fptshop.com.vn/Uploads/images/2015/Tin-Tuc/QuanLNH2/surface-pro-7-fpt-3.jpg,https://fptshop.com.vn/Uploads/images/2015/Tin-Tuc/QuanLNH2/surface-pro-7-fpt-4.jpg,Bộ sạc + hướng dẫn sử dụng,20,3,Lithium 4 cells
surface laptop,Laptop,base,Laptop/Microsoft,Microsoft,"Catalog, Search",Surface Laptop,Một sản phẩm phù hợp với các bạn sinh viên.,Ultrabook,13.5,Touchscreen 2256x1504,Intel Core i7 7660U 2.5GHz,16GB,512GB SSD,Intel Iris Plus Graphics 640,Windows 10 S,1.25kg,"71,924,232",https://fptshop.com.vn/Uploads/images/2015/Tin-Tuc/QuanLNH2/surface-pro-7-fpt-5.jpg,https://fptshop.com.vn/Uploads/images/2015/Tin-Tuc/QuanLNH2/surface-pro-7-fpt-5.jpg,https://fptshop.com.vn/Uploads/images/2015/Tin-Tuc/QuanLNH2/surface-pro-7-fpt-5.jpg,https://fptshop.com.vn/Uploads/images/2015/Tin-Tuc/QuanLNH2/surface-pro-7-fpt-6.jpg,Bộ sạc + hướng dẫn sử dụng,20,3,Lithium 4 cells
surface laptop,Laptop,base,Laptop/Microsoft,Microsoft,"Catalog, Search",Surface Laptop,Một sản phẩm phù hợp với các bạn sinh viên.,Ultrabook,13.5,Touchscreen 2256x1504,Intel Core M m3-7Y30 2.2GHz,4GB,128GB SSD,Intel HD Graphics 615,Windows 10 S,1.252kg,"27,475,112",https://fptshop.com.vn/Uploads/images/2015/Tin-Tuc/QuanLNH2/surface-pro-7-fpt-7.jpg,https://fptshop.com.vn/Uploads/images/2015/Tin-Tuc/QuanLNH2/surface-pro-7-fpt-7.jpg,https://fptshop.com.vn/Uploads/images/2015/Tin-Tuc/QuanLNH2/surface-pro-7-fpt-7.jpg,https://fptshop.com.vn/Uploads/images/2015/Tin-Tuc/QuanLNH2/surface-pro-7-fpt-8.jpg,Bộ sạc + hướng dẫn sử dụng,20,3,Lithium 4 cells
surface laptop,Laptop,base,Laptop/Microsoft,Microsoft,"Catalog, Search",Surface Laptop,Một sản phẩm phù hợp với các bạn sinh viên.,Ultrabook,13.5,Touchscreen 2256x1504,Intel Core i7 7660U 2.5GHz,8GB,256GB SSD,Intel Iris Plus Graphics 640,Windows 10 S,1.25kg,"49,977,479",https://fptshop.com.vn/Uploads/images/2015/Tin-Tuc/QuanLNH2/surface-pro-7-fpt-9.jpg,https://fptshop.com.vn/Uploads/images/2015/Tin-Tuc/QuanLNH2/surface-pro-7-fpt-9.jpg,https://fptshop.com.vn/Uploads/images/2015/Tin-Tuc/QuanLNH2/surface-pro-7-fpt-9.jpg,https://fptshop.com.vn/Uploads/images/2015/Tin-Tuc/QuanLNH2/surface-pro-7-fpt-10.jpg,Bộ sạc + hướng dẫn sử dụng,20,3,Lithium 4 cells
surface laptop,Laptop,base,Laptop/Microsoft,Microsoft,"Catalog, Search",Surface Laptop,Một sản phẩm phù hợp với các bạn sinh viên.,Ultrabook,13.5,Touchscreen 2256x1504,Intel Core i7 7600U 2.8GHz,8GB,256GB SSD,Intel Iris Plus Graphics 640,Windows 10 S,1.252kg,"51,890,180",https://fptshop.com.vn/Uploads/images/2015/Tin-Tuc/QuanLNH2/surface-pro-7-fpt-11.jpg,https://fptshop.com.vn/Uploads/images/2015/Tin-Tuc/QuanLNH2/surface-pro-7-fpt-11.jpg,https://fptshop.com.vn/Uploads/images/2015/Tin-Tuc/QuanLNH2/surface-pro-7-fpt-11.jpg,https://fptshop.com.vn/Uploads/images/2015/Tin-Tuc/QuanLNH2/surface-pro-7-fpt-12.jpg,Bộ sạc + hướng dẫn sử dụng,20,3,Lithium 4 cells