sku,url_key,attribute_set_code,product_type,product_websites,product_online,categories,vendor,visibility,name,description,producttype,screen,screen_resolution,cpu,ram,memory,vga,os,weightkg,price,accessories,qty,max_cart_qty,pin,base_image,small_image,thumbnail_image,additional_images
15-bs101nv (i7-8550u/8gb/256gb/fhd/w10)-8gb-256gb ssd,15-bs101nv (i7-8550u/8gb/256gb/fhd/w10)-8gb-256gb ssd,Laptop,simple,base,Yes,Laptop/HP,HP,"Catalog, Search",15-BS101nv (i7-8550U/8GB/256GB/FHD/W10),Một sản phẩm phù hợp với các bạn sinh viên.,Ultrabook,15.6,Full HD 1920x1080,Intel Core i7 8550U 1.8GHz,8GB,256GB SSD,Intel HD Graphics 620,Windows 10,1.91kg,18307481,Bộ sạc + hướng dẫn sử dụng,20,3,Lithium 4 cells,hp-01.jpg,hp-01.jpg,hp-01.jpg,hp-02.jpg
17-ak001nv (a6-9220/4gb/500gb/radeon-4gb-500gb hdd,17-ak001nv (a6-9220/4gb/500gb/radeon-4gb-500gb hdd,Laptop,simple,base,Yes,Laptop/HP,HP,"Catalog, Search",17-ak001nv (A6-9220/4GB/500GB/Radeon,Một sản phẩm phù hợp với các bạn sinh viên.,Notebook,17.3,Full HD 1920x1080,AMD A6-Series 9220 2.5GHz,4GB,500GB HDD,AMD Radeon 530,Windows 10,2.71kg,12195727,Bộ sạc + hướng dẫn sử dụng,20,3,Lithium 4 cells,hp-03.jpg,hp-03.jpg,hp-03.jpg,hp-04.jpg
250 g6-4gb-1tb hdd,250 g6-4gb-1tb hdd,Laptop,simple,base,Yes,Laptop/HP,HP,"Catalog, Search",250 G6,Một sản phẩm phù hợp với các bạn sinh viên.,Notebook,15.6,1366x768,Intel Core i5 7200U 2.5GHz,4GB,1TB HDD,Intel HD Graphics 620,Windows 10,1.86kg,13576150,Bộ sạc + hướng dẫn sử dụng,20,3,Lithium 4 cells,hp-05.jpg,hp-05.jpg,hp-05.jpg,hp-06.jpg
250 g6-4gb-500gb hdd1,250 g6-4gb-500gb hdd1,Laptop,simple,base,Yes,Laptop/HP,HP,"Catalog, Search",250 G6,Một sản phẩm phù hợp với các bạn sinh viên.,Notebook,15.6,1366x768,Intel Core i5 7200U 2.5GHz,4GB,500GB HDD,Intel HD Graphics 620,No OS,1.86kg,10942818,Bộ sạc + hướng dẫn sử dụng,20,3,Lithium 4 cells,hp-07.jpg,hp-07.jpg,hp-07.jpg,hp-08.jpg
250 g6-4gb-500gb hdd,250 g6-4gb-500gb hdd,Laptop,simple,base,Yes,Laptop/HP,HP,"Catalog, Search",250 G6,Một sản phẩm phù hợp với các bạn sinh viên.,Notebook,15.6,Full HD 1920x1080,Intel Core i3 6006U 2GHz,4GB,500GB HDD,Intel HD Graphics 520,No OS,1.86kg,9584064,Bộ sạc + hướng dẫn sử dụng,20,3,Lithium 4 cells,hp-09.jpg,hp-09.jpg,hp-09.jpg,hp-10.jpg
250 g6-8gb-256gb ssd,250 g6-8gb-256gb ssd,Laptop,simple,base,Yes,Laptop/HP,HP,"Catalog, Search",250 G6,Một sản phẩm phù hợp với các bạn sinh viên.,Notebook,15.6,Full HD 1920x1080,Intel Core i5 7200U 2.5GHz,8GB,256GB SSD,Intel HD Graphics 620,No OS,1.86kg,15973903,Bộ sạc + hướng dẫn sử dụng,20,3,Lithium 4 cells,hp-11.jpg,hp-11.jpg,hp-11.jpg,hp-12.jpg
255 g6-4gb-256gb ssd,255 g6-4gb-256gb ssd,Laptop,simple,base,Yes,Laptop/HP,HP,"Catalog, Search",255 G6,Một sản phẩm phù hợp với các bạn sinh viên.,Notebook,15.6,Full HD 1920x1080,AMD A6-Series 9220 2.5GHz,4GB,256GB SSD,AMD Radeon R4 Graphics,Windows 10,1.86kg,11070331,Bộ sạc + hướng dẫn sử dụng,20,3,Lithium 4 cells,hp-13.jpg,hp-13.jpg,hp-13.jpg,hp-14.jpg
255 g6-4gb-500gb hdd,255 g6-4gb-500gb hdd,Laptop,simple,base,Yes,Laptop/HP,HP,"Catalog, Search",255 G6,Một sản phẩm phù hợp với các bạn sinh viên.,Notebook,15.6,1366x768,AMD E-Series E2-9000e 1.5GHz,4GB,500GB HDD,AMD Radeon R2,No OS,1.86kg,7167421,Bộ sạc + hướng dẫn sử dụng,20,3,Lithium 4 cells,hp-15.jpg,hp-15.jpg,hp-15.jpg,hp-16.jpg
aspire 3-4gb-1tb hdd1,aspire 3-4gb-1tb hdd1,Laptop,simple,base,Yes,Laptop/Acer,Acer,"Catalog, Search",Aspire 3,Một sản phẩm phù hợp với các bạn sinh viên.,Notebook,15.6,1366x768,Intel Core i3 7130U 2.7GHz,4GB,1TB HDD,Intel HD Graphics 620,Linux,2.1kg,10195517,Bộ sạc + hướng dẫn sử dụng,20,3,Lithium 4 cells,acer-19.jpg,acer-19.jpg,acer-19.jpg,acer-20.jpg
aspire 3-4gb-1tb hdd2,aspire 3-4gb-1tb hdd2,Laptop,simple,base,Yes,Laptop/Acer,Acer,"Catalog, Search",Aspire 3,Một sản phẩm phù hợp với các bạn sinh viên.,Notebook,15.6,1366x768,Intel Core i3 7100U 2.4GHz,4GB,1TB HDD,Intel HD Graphics 620,Windows 10,2.4kg,10667789,Bộ sạc + hướng dẫn sử dụng,20,3,Lithium 4 cells,acer-01.jpg,acer-01.jpg,acer-01.jpg,acer-02.jpg
aspire 3-4gb-1tb hdd,aspire 3-4gb-1tb hdd,Laptop,simple,base,Yes,Laptop/Acer,Acer,"Catalog, Search",Aspire 3,Một sản phẩm phù hợp với các bạn sinh viên.,Notebook,15.6,1366x768,AMD A9-Series 9420 3GHz,4GB,1TB HDD,AMD Radeon R5,Windows 10,2.1kg,10973377,Bộ sạc + hướng dẫn sử dụng,20,3,Lithium 4 cells,acer-03.jpg,acer-03.jpg,acer-03.jpg,acer-04.jpg
aspire 3-4gb-500gb hdd,aspire 3-4gb-500gb hdd,Laptop,simple,base,Yes,Laptop/Acer,Acer,"Catalog, Search",Aspire 3,Một sản phẩm phù hợp với các bạn sinh viên.,Notebook,15.6,1366x768,AMD A9-Series 9420 3GHz,4GB,500GB HDD,AMD Radeon R5,Windows 10,2.1kg,11112280,Bộ sạc + hướng dẫn sử dụng,20,3,Lithium 4 cells,acer-05.jpg,acer-05.jpg,acer-05.jpg,acer-06.jpg
aspire 5-8gb-1tb hdd,aspire 5-8gb-1tb hdd,Laptop,simple,base,Yes,Laptop/Acer,Acer,"Catalog, Search",Aspire 5,Một sản phẩm phù hợp với các bạn sinh viên.,Notebook,15.6,Full HD 1920x1080,Intel Core i7 8550U 1.8GHz,8GB,1TB HDD,Nvidia GeForce MX150,Windows 10,2.2kg,19140902,Bộ sạc + hướng dẫn sử dụng,20,3,Lithium 4 cells,acer-07.jpg,acer-07.jpg,acer-07.jpg,acer-08.jpg
aspire a515-51g-32mx-4gb-1tb hdd,aspire a515-51g-32mx-4gb-1tb hdd,Laptop,simple,base,Yes,Laptop/Acer,Acer,"Catalog, Search",Aspire A515-51G-32MX,Một sản phẩm phù hợp với các bạn sinh viên.,Notebook,15.6,Full HD 1920x1080,Intel Core i3 7130U 2.7GHz,4GB,1TB HDD,Nvidia GeForce MX130,Windows 10,2.2kg,14723771,Bộ sạc + hướng dẫn sử dụng,20,3,Lithium 4 cells,acer-09.jpg,acer-09.jpg,acer-09.jpg,acer-10.jpg
aspire a515-51g-4gb-256gb ssd,aspire a515-51g-4gb-256gb ssd,Laptop,simple,base,Yes,Laptop/Acer,Acer,"Catalog, Search",Aspire A515-51G,Một sản phẩm phù hợp với các bạn sinh viên.,Notebook,15.6,IPS Panel Full HD 1920x1080,Intel Core i5 8250U 1.6GHz,4GB,256GB SSD,Intel UHD Graphics 620,Windows 10,2.2kg,18946437,Bộ sạc + hướng dẫn sử dụng,20,3,Lithium 4 cells,acer-11.jpg,acer-11.jpg,acer-11.jpg,acer-12.jpg
aspire a515-51g-8gb-256gb ssd,aspire a515-51g-8gb-256gb ssd,Laptop,simple,base,Yes,Laptop/Acer,Acer,"Catalog, Search",Aspire A515-51G,Một sản phẩm phù hợp với các bạn sinh viên.,Notebook,15.6,IPS Panel Full HD 1920x1080,Intel Core i7 8550U 1.8GHz,8GB,256GB SSD,Nvidia GeForce MX150,Windows 10,2.2kg,23363569,Bộ sạc + hướng dẫn sử dụng,20,3,Lithium 4 cells,acer-13.jpg,acer-13.jpg,acer-13.jpg,acer-14.jpg
aspire e5-475-8gb-1tb hdd,aspire e5-475-8gb-1tb hdd,Laptop,simple,base,Yes,Laptop/Acer,Acer,"Catalog, Search",Aspire E5-475,Một sản phẩm phù hợp với các bạn sinh viên.,Notebook,14,1366x768,Intel Core i3 6006U 2GHz,8GB,1TB HDD,Intel HD Graphics 520,Windows 10,2.1kg,10806692,Bộ sạc + hướng dẫn sử dụng,20,3,Lithium 4 cells,acer-15.jpg,acer-15.jpg,acer-15.jpg,acer-16.jpg
blade pro z-16gb-1tb ssd,blade pro z-16gb-1tb ssd,Laptop,simple,base,Yes,Laptop/Razer,Razer,"Catalog, Search",Blade Pro Z,Một sản phẩm phù hợp với các bạn sinh viên.,Gaming,14.8,Full HD 1920x1080,Intel Core i7 7700HQ 2.8GHz,16GB,1TB SSD,Nvidia GeForce GTX 1060,Windows 10,1.95kg,141653789,Bộ sạc + hướng dẫn sử dụng,20,3,Lithium 4 cells,RAZOR-1.1.jpg,RAZOR-1.1.jpg,RAZOR-1.1.jpg,RAZOR-1.2.jpg
blade pro-16gb-1tb ssd,blade pro-16gb-1tb ssd,Laptop,simple,base,Yes,Laptop/Razer,Razer,"Catalog, Search",Blade Pro,Một sản phẩm phù hợp với các bạn sinh viên.,Gaming,14,Full HD 1920x1080,Intel Core i7 7700HQ 2.8GHz,16GB,1TB SSD,Nvidia GeForce GTX 1060,Windows 10,1.95kg,97204669,Bộ sạc + hướng dẫn sử dụng,20,3,Lithium 4 cells,RAZOR-2.1.jpg,RAZOR-2.1.jpg,RAZOR-2.1.jpg,RAZOR-2.2.jpg
blade pro-16gb-256gb ssd,blade pro-16gb-256gb ssd,Laptop,simple,base,Yes,Laptop/Razer,Razer,"Catalog, Search",Blade Pro,Một sản phẩm phù hợp với các bạn sinh viên.,Gaming,14,Full HD 1920x1080,Intel Core i7 7700HQ 2.8GHz,16GB,256GB SSD,Nvidia GeForce GTX 1060,Windows 10,1.95kg,72202039,Bộ sạc + hướng dẫn sử dụng,20,3,Lithium 4 cells,RAZOR-3.1.jpg,RAZOR-3.1.jpg,RAZOR-3.1.jpg,RAZOR-3.2.jpg
blade pro-16gb-512gb ssd,blade pro-16gb-512gb ssd,Laptop,simple,base,Yes,Laptop/Razer,Razer,"Catalog, Search",Blade Pro,Một sản phẩm phù hợp với các bạn sinh viên.,Gaming,14,Full HD 1920x1080,Intel Core i7 7700HQ 2.8GHz,16GB,512GB SSD,Nvidia GeForce GTX 1060,Windows 10,1.95kg,80536249,Bộ sạc + hướng dẫn sử dụng,20,3,Lithium 4 cells,RAZOR-4.1.jpg,RAZOR-4.1.jpg,RAZOR-4.1.jpg,RAZOR-4.2.jpg
blade pro-32gb-1tb ssd,blade pro-32gb-1tb ssd,Laptop,simple,base,Yes,Laptop/Razer,Razer,"Catalog, Search",Blade Pro,Một sản phẩm phù hợp với các bạn sinh viên.,Gaming,17.3,4K Ultra HD / Touchscreen 3840x2160,Intel Core i7 7820HK 2.9GHz,32GB,1TB SSD,Nvidia GeForce GTX 1080,Windows 10,3.49kg,169434489,Bộ sạc + hướng dẫn sử dụng,20,3,Lithium 4 cells,RAZOR-5.1.jpg,RAZOR-5.1.jpg,RAZOR-5.1.jpg,RAZOR-5.2.jpg
blade pro-32gb-512gb ssd,blade pro-32gb-512gb ssd,Laptop,simple,base,Yes,Laptop/Razer,Razer,"Catalog, Search",Blade Pro,Một sản phẩm phù hợp với các bạn sinh viên.,Gaming,17.3,4K Ultra HD / Touchscreen 3840x2160,Intel Core i7 7820HK 2.9GHz,32GB,512GB SSD,Nvidia GeForce GTX 1080,Windows 10,3.49kg,152766069,Bộ sạc + hướng dẫn sử dụng,20,3,Lithium 4 cells,RAZOR-6.1.jpg,RAZOR-6.1.jpg,RAZOR-6.1.jpg,RAZOR-6.2.jpg
blade stealth-16gb-512gb ssd,blade stealth-16gb-512gb ssd,Laptop,simple,base,Yes,Laptop/Razer,Razer,"Catalog, Search",Blade Stealth,Một sản phẩm phù hợp với các bạn sinh viên.,Ultrabook,12.5,IPS Panel 4K Ultra HD / Touchscreen 3840x2160,Intel Core i7 7500U 2.5GHz,16GB,512GB SSD,Intel HD Graphics 620,Windows 10,1.29kg,49977479,Bộ sạc + hướng dẫn sử dụng,20,3,Lithium 4 cells,RAZOR-7.1.jpg,RAZOR-7.1.jpg,RAZOR-7.1.jpg,RAZOR-7.2.jpg
blade stealth-8gb-256gb ssd,blade stealth-8gb-256gb ssd,Laptop,simple,base,Yes,Laptop/Razer,Razer,"Catalog, Search",Blade Stealth,Một sản phẩm phù hợp với các bạn sinh viên.,Ultrabook,12.5,Touchscreen / 4K Ultra HD 3840x2160,Intel Core i7 6500U 2.5GHz,8GB,256GB SSD,Intel HD Graphics 520,Windows 10,1.25kg,28586340,Bộ sạc + hướng dẫn sử dụng,20,3,Lithium 4 cells,RAZOR-8.1.jpg,RAZOR-8.1.jpg,RAZOR-8.1.jpg,RAZOR-8.2.jpg
blade x-32gb-512gb ssd,blade x-32gb-512gb ssd,Laptop,simple,base,Yes,Laptop/Razer,Razer,"Catalog, Search",Blade X,Một sản phẩm phù hợp với các bạn sinh viên.,Gaming,17.3,4K Ultra HD / Touchscreen 3840x2160,Intel Core i7 7820HK 2.9GHz,32GB,512GB SSD,Nvidia GeForce GTX 1080,Windows 10,3.49kg,188880979,Bộ sạc + hướng dẫn sử dụng,20,3,Lithium 4 cells,RAZOR-9.1.jpg,RAZOR-9.1.jpg,RAZOR-9.1.jpg,RAZOR-9.2.jpg
blade y-8gb-256gb ssd,blade y-8gb-256gb ssd,Laptop,simple,base,Yes,Laptop/Razer,Razer,"Catalog, Search",Blade Y,Một sản phẩm phù hợp với các bạn sinh viên.,Ultrabook,12.5,Touchscreen / 4K Ultra HD 3840x2160,Intel Core i7 6500U 2.5GHz,8GB,256GB SSD,Intel HD Graphics 520,Windows 10,1.25kg,63867829,Bộ sạc + hướng dẫn sử dụng,20,3,Lithium 4 cells,RAZOR-10.1.jpg,RAZOR-10.1.jpg,RAZOR-10.1.jpg,RAZOR-10.2.jpg
chromebook 3-4gb-16gb flash storage,chromebook 3-4gb-16gb flash storage,Laptop,simple,base,Yes,Laptop/Samsung,Samsung,"Catalog, Search",Chromebook 3,Một sản phẩm phù hợp với các bạn sinh viên.,Netbook,11.6,1366x768,Intel Celeron Dual Core N3060 1.6GHz,4GB,16GB Flash Storage,Intel HD Graphics 400,Chrome OS,1.15kg,7473008,Bộ sạc + hướng dẫn sử dụng,20,3,Lithium 4 cells,SAMSUNG-1.1.jpg,SAMSUNG-1.1.jpg,SAMSUNG-1.1.jpg,SAMSUNG-1.2.jpg
chromebook plus-4gb-32gb flash storage1,chromebook plus-4gb-32gb flash storage1,Laptop,simple,base,Yes,Laptop/Samsung,Samsung,"Catalog, Search",Chromebook Plus,Một sản phẩm phù hợp với các bạn sinh viên.,2 in 1 Convertible,12.3,IPS Panel Touchscreen 2400x1600,Samsung Cortex A72&A53 2.0GHz,4GB,32GB Flash Storage,ARM Mali T860 MP4,Chrome OS,1.15kg,18307481,Bộ sạc + hướng dẫn sử dụng,20,3,Lithium 4 cells,SAMSUNG-2.1.jpg,SAMSUNG-2.1.jpg,SAMSUNG-2.1.jpg,SAMSUNG-2.2.jpg
chromebook plus-4gb-32gb flash storage,chromebook plus-4gb-32gb flash storage,Laptop,simple,base,Yes,Laptop/Samsung,Samsung,"Catalog, Search",Chromebook Plus,Một sản phẩm phù hợp với các bạn sinh viên.,2 in 1 Convertible,12.3,IPS Panel Touchscreen 2400x1600,Samsung Cortex A72&A53 2.0GHz,4GB,32GB Flash Storage,ARM Mali T860 MP4,Chrome OS,1.15kg,21085551,Bộ sạc + hướng dẫn sử dụng,20,3,Lithium 4 cells,SAMSUNG-3.1.jpg,SAMSUNG-3.1.jpg,SAMSUNG-3.1.jpg,SAMSUNG-3.2.jpg
e402wa-ga010t (e2-6110/2gb/32gb/w10),e402wa-ga010t (e2-6110/2gb/32gb/w10),Laptop,simple,base,Yes,Laptop/Asus,Asus,"Catalog, Search",E402WA-GA010T (E2-6110/2GB/32GB/W10),Một sản phẩm phù hợp với các bạn sinh viên.,Notebook,14,1366x768,AMD E-Series E2-6110 1.5GHz,2GB,32GB Flash Storage,AMD Radeon R2,Windows 10,1.65kg,5528359,Bộ sạc + hướng dẫn sử dụng,20,3,Lithium 4 cells,asus-01.jpg,asus-01.jpg,asus-01.jpg,asus-02.jpg
ge63vr 7re-16gb-256gb ssd +  1tb hdd,ge63vr 7re-16gb-256gb ssd +  1tb hdd,Laptop,simple,base,Yes,Laptop/MSI,MSI,"Catalog, Search",GE63VR 7RE,Một sản phẩm phù hợp với các bạn sinh viên.,Gaming,15.6,IPS Panel Full HD 1920x1080,Intel Core i7 7700HQ 2.8GHz,16GB,256GB SSD +  1TB HDD,Nvidia GeForce GTX 1060,Windows 10,2.4kg,49977479,Bộ sạc + hướng dẫn sử dụng,20,3,Lithium 4 cells,MICROSOFT-7.1.jpg,MICROSOFT-7.1.jpg,MICROSOFT-7.1.jpg,MICROSOFT-7.2.jpg
ge63vr 7rf-16gb-256gb ssd +  1tb hdd,ge63vr 7rf-16gb-256gb ssd +  1tb hdd,Laptop,simple,base,Yes,Laptop/MSI,MSI,"Catalog, Search",GE63VR 7RF,Một sản phẩm phù hợp với các bạn sinh viên.,Gaming,15.6,IPS Panel Full HD 1920x1080,Intel Core i7 7700HQ 2.8GHz,16GB,256GB SSD +  1TB HDD,Nvidia GeForce GTX 1070,Windows 10,2.8kg,58311689,Bộ sạc + hướng dẫn sử dụng,20,3,Lithium 4 cells,MSI-1.1.jpg,MSI-1.1.jpg,MSI-1.1.jpg,MSI-1.2.jpg
ge72mvr 7rg-16gb-256gb ssd +  1tb hdd,ge72mvr 7rg-16gb-256gb ssd +  1tb hdd,Laptop,simple,base,Yes,Laptop/MSI,MSI,"Catalog, Search",GE72MVR 7RG,Một sản phẩm phù hợp với các bạn sinh viên.,Gaming,17.3,Full HD 1920x1080,Intel Core i7 7700HQ 2.8GHz,16GB,256GB SSD +  1TB HDD,Nvidia GeForce GTX 1070,Windows 10,2.9kg,56367040,Bộ sạc + hướng dẫn sử dụng,20,3,Lithium 4 cells,MSI-2.1.jpg,MSI-2.1.jpg,MSI-2.1.jpg,MSI-2.2.jpg
ge73vr 7re-16gb-256gb ssd +  1tb hdd,ge73vr 7re-16gb-256gb ssd +  1tb hdd,Laptop,simple,base,Yes,Laptop/MSI,MSI,"Catalog, Search",GE73VR 7RE,Một sản phẩm phù hợp với các bạn sinh viên.,Gaming,17.3,Full HD 1920x1080,Intel Core i7 7700HQ 2.8GHz,16GB,256GB SSD +  1TB HDD,Nvidia GeForce GTX 1060,Windows 10,2.8kg,52505523,Bộ sạc + hướng dẫn sử dụng,20,3,Lithium 4 cells,MSI-3.1.jpg,MSI-3.1.jpg,MSI-3.1.jpg,MSI-3.2.jpg
gl72m 7rdx-8gb-128gb ssd +  1tb hdd,gl72m 7rdx-8gb-128gb ssd +  1tb hdd,Laptop,simple,base,Yes,Laptop/MSI,MSI,"Catalog, Search",GL72M 7RDX,Một sản phẩm phù hợp với các bạn sinh viên.,Gaming,17.3,Full HD 1920x1080,Intel Core i5 7300HQ 2.5GHz,8GB,128GB SSD +  1TB HDD,Nvidia GeForce GTX 1050,Windows 10,2.7kg,30419867,Bộ sạc + hướng dẫn sử dụng,20,3,Lithium 4 cells,MSI-4.1.jpg,MSI-4.1.jpg,MSI-4.1.jpg,MSI-4.2.jpg
gp62m 7rex-16gb-256gb ssd +  1tb hdd,gp62m 7rex-16gb-256gb ssd +  1tb hdd,Laptop,simple,base,Yes,Laptop/MSI,MSI,"Catalog, Search",GP62M 7REX,Một sản phẩm phù hợp với các bạn sinh viên.,Gaming,15.6,Full HD 1920x1080,Intel Core i7 7700HQ 2.8GHz,16GB,256GB SSD +  1TB HDD,Nvidia GeForce GTX 1050 Ti,Windows 10,2.2kg,36087129,Bộ sạc + hướng dẫn sử dụng,20,3,Lithium 4 cells,MSI-5.1.jpg,MSI-5.1.jpg,MSI-5.1.jpg,MSI-5.2.jpg
gs63vr 7rg-16gb-256gb ssd +  2tb hdd,gs63vr 7rg-16gb-256gb ssd +  2tb hdd,Laptop,simple,base,Yes,Laptop/MSI,MSI,"Catalog, Search",GS63VR 7RG,Một sản phẩm phù hợp với các bạn sinh viên.,Gaming,15.6,Full HD 1920x1080,Intel Core i7 7700HQ 2.8GHz,16GB,256GB SSD +  2TB HDD,Nvidia GeForce GTX 1070,Windows 10,1.8kg,62270439,Bộ sạc + hướng dẫn sử dụng,20,3,Lithium 4 cells,MSI-6.1.jpg,MSI-6.1.jpg,MSI-6.1.jpg,MSI-6.2.jpg
gs73vr 7rg-16gb-256gb ssd +  2tb hdd,gs73vr 7rg-16gb-256gb ssd +  2tb hdd,Laptop,simple,base,Yes,Laptop/MSI,MSI,"Catalog, Search",GS73VR 7RG,Một sản phẩm phù hợp với các bạn sinh viên.,Gaming,17.3,Full HD 1920x1080,Intel Core i7 7700HQ 2.8GHz,16GB,256GB SSD +  2TB HDD,Nvidia GeForce GTX 1070,Windows 10,2.43kg,68034934,Bộ sạc + hướng dẫn sử dụng,20,3,Lithium 4 cells,MSI-7.1.jpg,MSI-7.1.jpg,MSI-7.1.jpg,MSI-7.2.jpg
gt73evr 7re-16gb-512gb ssd +  1tb hdd,gt73evr 7re-16gb-512gb ssd +  1tb hdd,Laptop,simple,base,Yes,Laptop/MSI,MSI,"Catalog, Search",GT73EVR 7RE,Một sản phẩm phù hợp với các bạn sinh viên.,Gaming,17.3,Full HD 1920x1080,Intel Core i7 7700HQ 2.8GHz,16GB,512GB SSD +  1TB HDD,Nvidia GeForce GTX 1070,Windows 10,4.14kg,69423969,Bộ sạc + hướng dẫn sử dụng,20,3,Lithium 4 cells,MSI-8.1.jpg,MSI-8.1.jpg,MSI-8.1.jpg,MSI-8.2.jpg
gt80s 6qf-074us-32gb-512gb ssd +  1tb hdd,gt80s 6qf-074us-32gb-512gb ssd +  1tb hdd,Laptop,simple,base,Yes,Laptop/MSI,MSI,"Catalog, Search",GT80S 6QF-074US,Một sản phẩm phù hợp với các bạn sinh viên.,Gaming,18.4,Full HD 1920x1080,Intel Core i7 6920HQ 2.9GHz,32GB,512GB SSD +  1TB HDD,Nvidia GTX 980 SLI,Windows 10,4.4kg,77758179,Bộ sạc + hướng dẫn sử dụng,20,3,Lithium 4 cells,MSI-9.1.jpg,MSI-9.1.jpg,MSI-9.1.jpg,MSI-9.2.jpg
ideapad 120s-14iap-4gb-64gb flash storage,ideapad 120s-14iap-4gb-64gb flash storage,Laptop,simple,base,Yes,Laptop/Lenovo,Lenovo,"Catalog, Search",IdeaPad 120S-14IAP,Một sản phẩm phù hợp với các bạn sinh viên.,Notebook,14,1366x768,Intel Celeron Dual Core N3350 1.1GHz,4GB,64GB Flash Storage,Intel HD Graphics 500,Windows 10,1.44kg,6917394,Bộ sạc + hướng dẫn sử dụng,20,3,Lithium 4 cells,lenovo-01.jpg,lenovo-01.jpg,lenovo-01.jpg,lenovo-02.jpg
ideapad 310-15isk-4gb-1tb hdd,ideapad 310-15isk-4gb-1tb hdd,Laptop,simple,base,Yes,Laptop/Lenovo,Lenovo,"Catalog, Search",Ideapad 310-15ISK,Một sản phẩm phù hợp với các bạn sinh viên.,Notebook,15.6,Full HD 1920x1080,Intel Core i3 6006U 2GHz,4GB,1TB HDD,Intel HD Graphics 520,Windows 10,1.85kg,11526212,Bộ sạc + hướng dẫn sử dụng,20,3,Lithium 4 cells,lenovo-03.jpg,lenovo-03.jpg,lenovo-03.jpg,lenovo-04.jpg
ideapad 320-15ast-4gb-128gb ssd,ideapad 320-15ast-4gb-128gb ssd,Laptop,simple,base,Yes,Laptop/Lenovo,Lenovo,"Catalog, Search",IdeaPad 320-15AST,Một sản phẩm phù hợp với các bạn sinh viên.,Notebook,15.6,Full HD 1920x1080,AMD A6-Series 9220 2.5GHz,4GB,128GB SSD,AMD R4 Graphics,Windows 10,2.2kg,11084499,Bộ sạc + hướng dẫn sử dụng,20,3,Lithium 4 cells,lenovo-05.jpg,lenovo-05.jpg,lenovo-05.jpg,lenovo-06.jpg
ideapad 320-15ikb-8gb-1tb hdd,ideapad 320-15ikb-8gb-1tb hdd,Laptop,simple,base,Yes,Laptop/Lenovo,Lenovo,"Catalog, Search",IdeaPad 320-15IKB,Một sản phẩm phù hợp với các bạn sinh viên.,Notebook,15.6,Full HD 1920x1080,Intel Core i3 7100U 2.4GHz,8GB,1TB HDD,Nvidia GeForce 940MX,No OS,2.2kg,13862569,Bộ sạc + hướng dẫn sử dụng,20,3,Lithium 4 cells,lenovo-07.jpg,lenovo-07.jpg,lenovo-07.jpg,lenovo-08.jpg
ideapad 320-15ikbn-8gb-2tb hdd,ideapad 320-15ikbn-8gb-2tb hdd,Laptop,simple,base,Yes,Laptop/Lenovo,Lenovo,"Catalog, Search",IdeaPad 320-15IKBN,Một sản phẩm phù hợp với các bạn sinh viên.,Notebook,15.6,Full HD 1920x1080,Intel Core i5 7200U 2.5GHz,8GB,2TB HDD,Intel HD Graphics 620,No OS,2.2kg,14418183,Bộ sạc + hướng dẫn sử dụng,20,3,Lithium 4 cells,lenovo-09.jpg,lenovo-09.jpg,lenovo-09.jpg,lenovo-10.jpg
ideapad 320-15isk-4gb-128gb ssd,ideapad 320-15isk-4gb-128gb ssd,Laptop,simple,base,Yes,Laptop/Lenovo,Lenovo,"Catalog, Search",IdeaPad 320-15ISK,Một sản phẩm phù hợp với các bạn sinh viên.,Notebook,15.6,1366x768,Intel Core i3 6006U 2GHz,4GB,128GB SSD,Intel HD Graphics 520,No OS,2.2kg,10251078,Bộ sạc + hướng dẫn sử dụng,20,3,Lithium 4 cells,lenovo-11.jpg,lenovo-11.jpg,lenovo-11.jpg,lenovo-12.jpg
ideapad 520s-14ikb-8gb-256gb ssd,ideapad 520s-14ikb-8gb-256gb ssd,Laptop,simple,base,Yes,Laptop/Lenovo,Lenovo,"Catalog, Search",IdeaPad 520S-14IKB,Một sản phẩm phù hợp với các bạn sinh viên.,Notebook,14,IPS Panel Full HD 1920x1080,Intel Core i3 7130U 2.7GHz,8GB,256GB SSD,Intel HD Graphics 620,No OS,1.7kg,16640639,Bộ sạc + hướng dẫn sử dụng,20,3,Lithium 4 cells,lenovo-13.jpg,lenovo-13.jpg,lenovo-13.jpg,lenovo-14.jpg
inspiron 3567-4gb-1tb hdd,inspiron 3567-4gb-1tb hdd,Laptop,simple,base,Yes,Laptop/Dell,Dell,"Catalog, Search",Inspiron 3567,Một sản phẩm phù hợp với các bạn sinh viên.,Notebook,15.6,1366x768,Intel Core i3 6006U 2GHz,4GB,1TB HDD,Intel HD Graphics 520,Windows 10,2.3kg,11630112,Bộ sạc + hướng dẫn sử dụng,20,3,Lithium 4 cells,dell-01.jpg,dell-01.jpg,dell-01.jpg,dell-02.jpg
inspiron 3567-4gb-256gb ssd,inspiron 3567-4gb-256gb ssd,Laptop,simple,base,Yes,Laptop/Dell,Dell,"Catalog, Search",Inspiron 3567,Một sản phẩm phù hợp với các bạn sinh viên.,Notebook,15.6,Full HD 1920x1080,Intel Core i3 6006U 2GHz,4GB,256GB SSD,AMD Radeon R5 M430,Windows 10,2.2kg,13859791,Bộ sạc + hướng dẫn sử dụng,20,3,Lithium 4 cells,dell-03.jpg,dell-03.jpg,dell-03.jpg,dell-04.jpg
inspiron 3567-8gb-256gb ssd,inspiron 3567-8gb-256gb ssd,Laptop,simple,base,Yes,Laptop/Dell,Dell,"Catalog, Search",Inspiron 3567,Một sản phẩm phù hợp với các bạn sinh viên.,Notebook,15.6,Full HD 1920x1080,Intel Core i7 7500U 2.7GHz,8GB,256GB SSD,AMD Radeon R5 M430,Windows 10,2.2kg,20696622,Bộ sạc + hướng dẫn sử dụng,20,3,Lithium 4 cells,dell-05.jpg,dell-05.jpg,dell-05.jpg,dell-06.jpg
inspiron 5379-8gb-256gb ssd,inspiron 5379-8gb-256gb ssd,Laptop,simple,base,Yes,Laptop/Dell,Dell,"Catalog, Search",Inspiron 5379,Một sản phẩm phù hợp với các bạn sinh viên.,2 in 1 Convertible,13.3,Full HD / Touchscreen 1920x1080,Intel Core i5 8250U 1.6GHz,8GB,256GB SSD,Intel UHD Graphics 620,Windows 10,1.62kg,22752393,Bộ sạc + hướng dẫn sử dụng,20,3,Lithium 4 cells,dell-07.jpg,dell-07.jpg,dell-07.jpg,dell-08.jpg
inspiron 5570-8gb-256gb ssd,inspiron 5570-8gb-256gb ssd,Laptop,simple,base,Yes,Laptop/Dell,Dell,"Catalog, Search",Inspiron 5570,Một sản phẩm phù hợp với các bạn sinh viên.,Notebook,15.6,Full HD 1920x1080,Intel Core i5 8250U 1.6GHz,8GB,256GB SSD,AMD Radeon 530,Windows 10,2.2kg,22224560,Bộ sạc + hướng dẫn sử dụng,20,3,Lithium 4 cells,dell-09.jpg,dell-09.jpg,dell-09.jpg,dell-10.jpg
inspiron 5770-8gb-128gb ssd +  1tb hdd,inspiron 5770-8gb-128gb ssd +  1tb hdd,Laptop,simple,base,Yes,Laptop/Dell,Dell,"Catalog, Search",Inspiron 5770,Một sản phẩm phù hợp với các bạn sinh viên.,Notebook,17.3,IPS Panel Full HD 1920x1080,Intel Core i5 8250U 1.6GHz,8GB,128GB SSD +  1TB HDD,AMD Radeon 530,Windows 10,2.8kg,27197305,Bộ sạc + hướng dẫn sử dụng,20,3,Lithium 4 cells,dell-11.jpg,dell-11.jpg,dell-11.jpg,dell-12.jpg
inspiron 7577-16gb-256gb ssd +  1tb hdd,inspiron 7577-16gb-256gb ssd +  1tb hdd,Laptop,simple,base,Yes,Laptop/Dell,Dell,"Catalog, Search",Inspiron 7577,Một sản phẩm phù hợp với các bạn sinh viên.,Gaming,15.6,IPS Panel Full HD 1920x1080,Intel Core i7 7700HQ 2.8GHz,16GB,256GB SSD +  1TB HDD,Nvidia GeForce GTX 1060,Windows 10,2.65kg,41643269,Bộ sạc + hướng dẫn sử dụng,20,3,Lithium 4 cells,dell-13.jpg,dell-13.jpg,dell-13.jpg,dell-14.jpg
latitude 5590-8gb-256gb ssd +  256gb ssd,latitude 5590-8gb-256gb ssd +  256gb ssd,Laptop,simple,base,Yes,Laptop/Dell,Dell,"Catalog, Search",Latitude 5590,Một sản phẩm phù hợp với các bạn sinh viên.,Ultrabook,15.6,Full HD 1920x1080,Intel Core i7 8650U 1.9GHz,8GB,256GB SSD +  256GB SSD,Intel UHD Graphics 620,Windows 10,1.88kg,36059349,Bộ sạc + hướng dẫn sử dụng,20,3,Lithium 4 cells,dell-15.jpg,dell-15.jpg,dell-15.jpg,dell-16.jpg
legion y520-15ikbn-8gb-128gb ssd +  1tb hdd,legion y520-15ikbn-8gb-128gb ssd +  1tb hdd,Laptop,simple,base,Yes,Laptop/Lenovo,Lenovo,"Catalog, Search",Legion Y520-15IKBN,Một sản phẩm phù hợp với các bạn sinh viên.,Gaming,15.6,IPS Panel Full HD 1920x1080,Intel Core i5 7300HQ 2.5GHz,8GB,128GB SSD +  1TB HDD,Nvidia GeForce GTX 1050,Windows 10,2.5kg,27752919,Bộ sạc + hướng dẫn sử dụng,20,3,Lithium 4 cells,lenovo-15.jpg,lenovo-15.jpg,lenovo-15.jpg,lenovo-16.jpg
"macbook 12""-8gb-256gb ssd","macbook 12""-8gb-256gb ssd",Laptop,simple,base,Yes,Laptop/Apple,Apple,"Catalog, Search","MacBook 12""",Một sản phẩm phù hợp với các bạn sinh viên.,Ultrabook,12,IPS Panel Retina Display 2304x1440,Intel Core M m3 1.2GHz,8GB,256GB SSD,Intel HD Graphics 615,macOS,0.92kg,35070356,Bộ sạc + hướng dẫn sử dụng,20,3,Lithium 4 cells,macbook-01.jpg,macbook-01.jpg,macbook-01.jpg,macbook-02.jpg
macbook air-8gb-128gb flash storage1,macbook air-8gb-128gb flash storage1,Laptop,simple,base,Yes,Laptop/Apple,Apple,"Catalog, Search",Macbook Air,Một sản phẩm phù hợp với các bạn sinh viên.,Ultrabook,13.3,1440x900,Intel Core i5 1.8GHz,8GB,128GB Flash Storage,Intel HD Graphics 6000,macOS,1.34kg,24973182,Bộ sạc + hướng dẫn sử dụng,20,3,Lithium 4 cells,macbook-03.jpg,macbook-03.jpg,macbook-03.jpg,macbook-04.jpg
macbook air-8gb-128gb flash storage2,macbook air-8gb-128gb flash storage2,Laptop,simple,base,Yes,Laptop/Apple,Apple,"Catalog, Search",MacBook Air,Một sản phẩm phù hợp với các bạn sinh viên.,Ultrabook,13.3,1440x900,Intel Core i5 1.6GHz,8GB,128GB Flash Storage,Intel HD Graphics 6000,Mac OS X,1.35kg,30530989,Bộ sạc + hướng dẫn sử dụng,20,3,Lithium 4 cells,macbook-05.jpg,macbook-05.jpg,macbook-05.jpg,macbook-06.jpg
macbook air-8gb-256gb flash storage,macbook air-8gb-256gb flash storage,Laptop,simple,base,Yes,Laptop/Apple,Apple,"Catalog, Search",Macbook Air,Một sản phẩm phù hợp với các bạn sinh viên.,Ultrabook,13.3,1440x900,Intel Core i5 1.8GHz,8GB,256GB Flash Storage,Intel HD Graphics 6000,macOS,1.34kg,32189497,Bộ sạc + hướng dẫn sử dụng,20,3,Lithium 4 cells,macbook-07.jpg,macbook-07.jpg,macbook-07.jpg,macbook-08.jpg
macbook air-8gb-256gb flash storage3,macbook air-8gb-256gb flash storage3,Laptop,simple,base,Yes,Laptop/Apple,Apple,"Catalog, Search",MacBook Air,Một sản phẩm phù hợp với các bạn sinh viên.,Ultrabook,13.3,1440x900,Intel Core i5 1.6GHz,8GB,256GB Flash Storage,Intel HD Graphics 6000,Mac OS X,1.35kg,27725139,Bộ sạc + hướng dẫn sử dụng,20,3,Lithium 4 cells,macbook-09.jpg,macbook-09.jpg,macbook-09.jpg,macbook-10.jpg
macbook pro-16gb-256gb flash storage,macbook pro-16gb-256gb flash storage,Laptop,simple,base,Yes,Laptop/Apple,Apple,"Catalog, Search",MacBook Pro,Một sản phẩm phù hợp với các bạn sinh viên.,Ultrabook,15.4,IPS Panel Retina Display 2880x1800,Intel Core i7 2.2GHz,16GB,256GB Flash Storage,Intel Iris Pro Graphics,Mac OS X,2.04kg,59449865,Bộ sạc + hướng dẫn sử dụng,20,3,Lithium 4 cells,macbook-11.jpg,macbook-11.jpg,macbook-11.jpg,macbook-12.jpg
macbook pro-16gb-256gb ssd,macbook pro-16gb-256gb ssd,Laptop,simple,base,Yes,Laptop/Apple,Apple,"Catalog, Search",MacBook Pro,Một sản phẩm phù hợp với các bạn sinh viên.,Ultrabook,15.4,IPS Panel Retina Display 2880x1800,Intel Core i7 2.8GHz,16GB,256GB SSD,AMD Radeon Pro 555,macOS,1.83kg,67784075,Bộ sạc + hướng dẫn sử dụng,20,3,Lithium 4 cells,macbook-13.jpg,macbook-13.jpg,macbook-13.jpg,macbook-14.jpg
macbook pro-16gb-512gb ssd1,macbook pro-16gb-512gb ssd1,Laptop,simple,base,Yes,Laptop/Apple,Apple,"Catalog, Search",MacBook Pro,Một sản phẩm phù hợp với các bạn sinh viên.,Ultrabook,15.4,IPS Panel Retina Display 2880x1800,Intel Core i7 2.7GHz,16GB,512GB SSD,AMD Radeon Pro 455,macOS,1.83kg,70492137,Bộ sạc + hướng dẫn sử dụng,20,3,Lithium 4 cells,macbook-15.jpg,macbook-15.jpg,macbook-15.jpg,macbook-16.jpg
macbook pro-16gb-512gb ssd,macbook pro-16gb-512gb ssd,Laptop,simple,base,Yes,Laptop/Apple,Apple,"Catalog, Search",MacBook Pro,Một sản phẩm phù hợp với các bạn sinh viên.,Ultrabook,15.4,IPS Panel Retina Display 2880x1800,Intel Core i7 2.9GHz,16GB,512GB SSD,AMD Radeon Pro 560,macOS,1.83kg,79397241,Bộ sạc + hướng dẫn sử dụng,20,3,Lithium 4 cells,macbook-17.jpg,macbook-17.jpg,macbook-17.jpg,macbook-18.jpg
macbook pro-8gb-128gb ssd,macbook pro-8gb-128gb ssd,Laptop,simple,base,Yes,Laptop/Apple,Apple,"Catalog, Search",MacBook Pro,Một sản phẩm phù hợp với các bạn sinh viên.,Ultrabook,13.3,IPS Panel Retina Display 2560x1600,Intel Core i5 2.3GHz,8GB,128GB SSD,Intel Iris Plus Graphics 640,macOS,1.37kg,37217526,Bộ sạc + hướng dẫn sử dụng,20,3,Lithium 4 cells,macbook-19.jpg,macbook-19.jpg,macbook-19.jpg,macbook-20.jpg
macbook pro-8gb-256gb ssd1,macbook pro-8gb-256gb ssd1,Laptop,simple,base,Yes,Laptop/Apple,Apple,"Catalog, Search",MacBook Pro,Một sản phẩm phù hợp với các bạn sinh viên.,Ultrabook,13.3,IPS Panel Retina Display 2560x1600,Intel Core i5 3.1GHz,8GB,256GB SSD,Intel Iris Plus Graphics 650,macOS,1.37kg,50105271,Bộ sạc + hướng dẫn sử dụng,20,3,Lithium 4 cells,macbook-21.jpg,macbook-21.jpg,macbook-21.jpg,macbook-22.jpg
macbook pro-8gb-256gb ssd,macbook pro-8gb-256gb ssd,Laptop,simple,base,Yes,Laptop/Apple,Apple,"Catalog, Search",MacBook Pro,Một sản phẩm phù hợp với các bạn sinh viên.,Ultrabook,13.3,IPS Panel Retina Display 2560x1600,Intel Core i5 2.3GHz,8GB,256GB SSD,Intel Iris Plus Graphics 640,macOS,1.37kg,42186382,Bộ sạc + hướng dẫn sử dụng,20,3,Lithium 4 cells,macbook-23.jpg,macbook-23.jpg,macbook-23.jpg,macbook-24.jpg
notebook 9-16gb-256gb ssd1,notebook 9-16gb-256gb ssd1,Laptop,simple,base,Yes,Laptop/Samsung,Samsung,"Catalog, Search",Notebook 9,Một sản phẩm phù hợp với các bạn sinh viên.,Ultrabook,13.3,Full HD 1920x1080,Intel Core i7 7500U 2.7GHz,16GB,256GB SSD,Intel HD Graphics 620,Windows 10,0.81kg,45810374,Bộ sạc + hướng dẫn sử dụng,20,3,Lithium 4 cells,SAMSUNG-4.1.jpg,SAMSUNG-4.1.jpg,SAMSUNG-4.1.jpg,SAMSUNG-4.2.jpg
notebook 9-16gb-256gb ssd2,notebook 9-16gb-256gb ssd2,Laptop,simple,base,Yes,Laptop/Samsung,Samsung,"Catalog, Search",Notebook 9,Một sản phẩm phù hợp với các bạn sinh viên.,2 in 1 Convertible,15,Full HD / Touchscreen 1920x1080,Intel Core i7 7500U 2.7GHz,16GB,256GB SSD,AMD Radeon 540,Windows 10,1.71kg,49977479,Bộ sạc + hướng dẫn sử dụng,20,3,Lithium 4 cells,SAMSUNG-5.1.jpg,SAMSUNG-5.1.jpg,SAMSUNG-5.1.jpg,SAMSUNG-5.2.jpg
notebook 9-16gb-256gb ssd,notebook 9-16gb-256gb ssd,Laptop,simple,base,Yes,Laptop/Samsung,Samsung,"Catalog, Search",Notebook 9,Một sản phẩm phù hợp với các bạn sinh viên.,Ultrabook,15,Full HD 1920x1080,Intel Core i7 7500U 2.7GHz,16GB,256GB SSD,Nvidia GeForce 940MX,Windows 10,1.23kg,51366514,Bộ sạc + hướng dẫn sử dụng,20,3,Lithium 4 cells,SAMSUNG-6.1.jpg,SAMSUNG-6.1.jpg,SAMSUNG-6.1.jpg,SAMSUNG-6.2.jpg
notebook 9-8gb-256gb ssd1,notebook 9-8gb-256gb ssd1,Laptop,simple,base,Yes,Laptop/Samsung,Samsung,"Catalog, Search",Notebook 9,Một sản phẩm phù hợp với các bạn sinh viên.,Ultrabook,13.3,Full HD / Touchscreen 1920x1080,Intel Core i7 7500U 2.7GHz,8GB,256GB SSD,Intel HD Graphics 620,Windows 10,1.31kg,44421339,Bộ sạc + hướng dẫn sử dụng,20,3,Lithium 4 cells,SAMSUNG-7.1.jpg,SAMSUNG-7.1.jpg,SAMSUNG-7.1.jpg,SAMSUNG-7.2.jpg
notebook 9-8gb-256gb ssd2,notebook 9-8gb-256gb ssd2,Laptop,simple,base,Yes,Laptop/Samsung,Samsung,"Catalog, Search",Notebook 9,Một sản phẩm phù hợp với các bạn sinh viên.,Ultrabook,13.3,Full HD 1920x1080,Intel Core i5 7200U 2.5GHz,8GB,256GB SSD,Intel HD Graphics 620,Windows 10,0.81kg,41643269,Bộ sạc + hướng dẫn sử dụng,20,3,Lithium 4 cells,SAMSUNG-8.1.jpg,SAMSUNG-8.1.jpg,SAMSUNG-8.1.jpg,SAMSUNG-8.2.jpg
notebook 9-8gb-256gb ssd,notebook 9-8gb-256gb ssd,Laptop,simple,base,Yes,Laptop/Samsung,Samsung,"Catalog, Search",Notebook 9,Một sản phẩm phù hợp với các bạn sinh viên.,Ultrabook,15,Full HD 1920x1080,Intel Core i7 7500U 2.7GHz,8GB,256GB SSD,Intel HD Graphics 620,Windows 10,1.17kg,47199409,Bộ sạc + hướng dẫn sử dụng,20,3,Lithium 4 cells,SAMSUNG-9.1.jpg,SAMSUNG-9.1.jpg,SAMSUNG-9.1.jpg,SAMSUNG-9.2.jpg
notebook odyssey-16gb-128gb ssd +  1tb hdd,notebook odyssey-16gb-128gb ssd +  1tb hdd,Laptop,simple,base,Yes,Laptop/Samsung,Samsung,"Catalog, Search",Notebook Odyssey,Một sản phẩm phù hợp với các bạn sinh viên.,Notebook,15.6,Full HD 1920x1080,Intel Core i7 7700HQ 2.8GHz,16GB,128GB SSD +  1TB HDD,Nvidia GeForce GTX 1050,Windows 10,2.5kg,47199409,Bộ sạc + hướng dẫn sử dụng,20,3,Lithium 4 cells,SAMSUNG-10.1.jpg,SAMSUNG-10.1.jpg,SAMSUNG-10.1.jpg,SAMSUNG-10.2.jpg
portege x30-d-10j-8gb-256gb ssd,portege x30-d-10j-8gb-256gb ssd,Laptop,simple,base,Yes,Laptop/Toshiba,Toshiba,"Catalog, Search",Portege X30-D-10J,Một sản phẩm phù hợp với các bạn sinh viên.,Notebook,13.3,IPS Panel Full HD 1920x1080,Intel Core i5 7200U 2.5GHz,8GB,256GB SSD,Intel HD Graphics 620,Windows 10,1.05kg,46449330,Bộ sạc + hướng dẫn sử dụng,20,3,Lithium 4 cells,TOSHIBA-1.1.jpg,TOSHIBA-1.1.jpg,TOSHIBA-1.1.jpg,TOSHIBA-1.2.jpg
portege x30-d-10l-32gb-512gb ssd,portege x30-d-10l-32gb-512gb ssd,Laptop,simple,base,Yes,Laptop/Toshiba,Toshiba,"Catalog, Search",Portege X30-D-10L,Một sản phẩm phù hợp với các bạn sinh viên.,Ultrabook,13.3,Full HD / Touchscreen 1920x1080,Intel Core i7 7500U 2.7GHz,32GB,512GB SSD,Intel HD Graphics 620,Windows 10,1.05kg,77758179,Bộ sạc + hướng dẫn sử dụng,20,3,Lithium 4 cells,TOSHIBA-2.1.jpg,TOSHIBA-2.1.jpg,TOSHIBA-2.1.jpg,TOSHIBA-2.2.jpg
portege z30-c-16l-8gb-256gb ssd,portege z30-c-16l-8gb-256gb ssd,Laptop,simple,base,Yes,Laptop/Toshiba,Toshiba,"Catalog, Search",Portege Z30-C-16L,Một sản phẩm phù hợp với các bạn sinh viên.,Ultrabook,13.3,Full HD 1920x1080,Intel Core i7 6500U 2.5GHz,8GB,256GB SSD,Intel HD Graphics 520,Windows 10,1.2kg,37865094,Bộ sạc + hướng dẫn sử dụng,20,3,Lithium 4 cells,TOSHIBA-3.1.jpg,TOSHIBA-3.1.jpg,TOSHIBA-3.1.jpg,TOSHIBA-3.2.jpg
portege z30-c-16p-16gb-512gb ssd,portege z30-c-16p-16gb-512gb ssd,Laptop,simple,base,Yes,Laptop/Toshiba,Toshiba,"Catalog, Search",Portege Z30-C-16P,Một sản phẩm phù hợp với các bạn sinh viên.,Ultrabook,13.3,Full HD 1920x1080,Intel Core i7 6500U 2.5GHz,16GB,512GB SSD,Intel HD Graphics 520,Windows 10,1.2kg,48532883,Bộ sạc + hướng dẫn sử dụng,20,3,Lithium 4 cells,TOSHIBA-4.1.jpg,TOSHIBA-4.1.jpg,TOSHIBA-4.1.jpg,TOSHIBA-4.2.jpg
probook 450-8gb-256gb ssd,probook 450-8gb-256gb ssd,Laptop,simple,base,Yes,Laptop/HP,HP,"Catalog, Search",ProBook 450,Một sản phẩm phù hợp với các bạn sinh viên.,Notebook,15.6,Full HD 1920x1080,Intel Core i5 8250U 1.6GHz,8GB,256GB SSD,Nvidia GeForce 930MX,Windows 10,2.1kg,24419235,Bộ sạc + hướng dẫn sử dụng,20,3,Lithium 4 cells,hp-17.jpg,hp-17.jpg,hp-17.jpg,hp-18.jpg
probook 470-8gb-1tb hdd,probook 470-8gb-1tb hdd,Laptop,simple,base,Yes,Laptop/HP,HP,"Catalog, Search",ProBook 470,Một sản phẩm phù hợp với các bạn sinh viên.,Notebook,17.3,Full HD 1920x1080,Intel Core i5 8250U 1.6GHz,8GB,1TB HDD,Nvidia GeForce 930MX,Windows 10,2.5kg,24891507,Bộ sạc + hướng dẫn sử dụng,20,3,Lithium 4 cells,hp-19.jpg,hp-19.jpg,hp-19.jpg,hp-20.jpg
rog strix,rog strix,Laptop,simple,base,Yes,Laptop/Asus,Asus,"Catalog, Search",Rog Strix,Một sản phẩm phù hợp với các bạn sinh viên.,Gaming,17.3,Full HD 1920x1080,AMD Ryzen 1700 3GHz,8GB,256GB SSD +  1TB HDD,AMD Radeon RX 580,Windows 10,3.2kg,36087129,Bộ sạc + hướng dẫn sử dụng,20,3,Lithium 4 cells,asus-03.jpg,asus-03.jpg,asus-03.jpg,asus-04.jpg
satellite pro-4gb-500gb hdd1,satellite pro-4gb-500gb hdd1,Laptop,simple,base,Yes,Laptop/Toshiba,Toshiba,"Catalog, Search",Satellite Pro,Một sản phẩm phù hợp với các bạn sinh viên.,Notebook,15.6,1366x768,Intel Core i5 6200U 2.3GHz,4GB,500GB HDD,Intel HD Graphics 520,Windows 10,2.1kg,16723981,Bộ sạc + hướng dẫn sử dụng,20,3,Lithium 4 cells,TOSHIBA-5.1.jpg,TOSHIBA-5.1.jpg,TOSHIBA-5.1.jpg,TOSHIBA-5.2.jpg
satellite pro-4gb-500gb hdd2,satellite pro-4gb-500gb hdd2,Laptop,simple,base,Yes,Laptop/Toshiba,Toshiba,"Catalog, Search",Satellite Pro,Một sản phẩm phù hợp với các bạn sinh viên.,Notebook,15.6,1366x768,Intel Core i3 6006U 2.2GHz,4GB,500GB HDD,Intel HD Graphics 520,Windows 10,2.1kg,12417973,Bộ sạc + hướng dẫn sử dụng,20,3,Lithium 4 cells,TOSHIBA-6.1.jpg,TOSHIBA-6.1.jpg,TOSHIBA-6.1.jpg,TOSHIBA-6.2.jpg
satellite pro-4gb-500gb hdd,satellite pro-4gb-500gb hdd,Laptop,simple,base,Yes,Laptop/Toshiba,Toshiba,"Catalog, Search",Satellite Pro,Một sản phẩm phù hợp với các bạn sinh viên.,Notebook,15.6,1366x768,Intel Core i3 7100U 2.4GHz,4GB,500GB HDD,Intel HD Graphics 620,Windows 10,2kg,13584762,Bộ sạc + hướng dẫn sử dụng,20,3,Lithium 4 cells,TOSHIBA-7.1.jpg,TOSHIBA-7.1.jpg,TOSHIBA-7.1.jpg,TOSHIBA-7.2.jpg
satellite pro-8gb-128gb ssd,satellite pro-8gb-128gb ssd,Laptop,simple,base,Yes,Laptop/Toshiba,Toshiba,"Catalog, Search",Satellite Pro,Một sản phẩm phù hợp với các bạn sinh viên.,Notebook,15.6,1366x768,Intel Core i5 7200U 2.5GHz,8GB,128GB SSD,Intel HD Graphics 620,Windows 10,2.0kg,22030095,Bộ sạc + hướng dẫn sử dụng,20,3,Lithium 4 cells,TOSHIBA-8.1.jpg,TOSHIBA-8.1.jpg,TOSHIBA-8.1.jpg,TOSHIBA-8.2.jpg
satellite pro-8gb-256gb ssd1,satellite pro-8gb-256gb ssd1,Laptop,simple,base,Yes,Laptop/Toshiba,Toshiba,"Catalog, Search",Satellite Pro,Một sản phẩm phù hợp với các bạn sinh viên.,Notebook,15.6,IPS Panel Full HD 1920x1080,Intel Core i7 6500U 2.5GHz,8GB,256GB SSD,Nvidia GeForce 930M,Windows 10,2.2kg,28975270,Bộ sạc + hướng dẫn sử dụng,20,3,Lithium 4 cells,TOSHIBA-9.1.jpg,TOSHIBA-9.1.jpg,TOSHIBA-9.1.jpg,TOSHIBA-9.2.jpg
satellite pro-8gb-256gb ssd,satellite pro-8gb-256gb ssd,Laptop,simple,base,Yes,Laptop/Toshiba,Toshiba,"Catalog, Search",Satellite Pro,Một sản phẩm phù hợp với các bạn sinh viên.,Notebook,15.6,IPS Panel Full HD 1920x1080,Intel Core i5 7200U 2.5GHz,8GB,256GB SSD,Intel HD Graphics 620,Windows 10,2.0kg,26197200,Bộ sạc + hướng dẫn sử dụng,20,3,Lithium 4 cells,TOSHIBA-10.1.jpg,TOSHIBA-10.1.jpg,TOSHIBA-10.1.jpg,TOSHIBA-10.2.jpg
satellite pro-8gb-500gb hdd,satellite pro-8gb-500gb hdd,Laptop,simple,base,Yes,Laptop/Toshiba,Toshiba,"Catalog, Search",Satellite Pro,Một sản phẩm phù hợp với các bạn sinh viên.,Notebook,15.6,1366x768,Intel Core i7 6500U 2.5GHz,8GB,500GB HDD,Nvidia GeForce 930M,Windows 10,2.2kg,22557928,Bộ sạc + hướng dẫn sử dụng,20,3,Lithium 4 cells,TOSHIBA-11.1.jpg,TOSHIBA-11.1.jpg,TOSHIBA-11.1.jpg,TOSHIBA-11.2.jpg
surface laptop-16gb-512gb ssd,surface laptop-16gb-512gb ssd,Laptop,simple,base,Yes,Laptop/Microsoft,Microsoft,"Catalog, Search",Surface Laptop,Một sản phẩm phù hợp với các bạn sinh viên.,Ultrabook,13.5,Touchscreen 2256x1504,Intel Core i7 7660U 2.5GHz,16GB,512GB SSD,Intel Iris Plus Graphics 640,Windows 10 S,1.25kg,71924232,Bộ sạc + hướng dẫn sử dụng,20,3,Lithium 4 cells,MICROSOFT-1.1.jpg,MICROSOFT-1.1.jpg,MICROSOFT-1.1.jpg,MICROSOFT-1.2.jpg
surface laptop-4gb-128gb ssd1,surface laptop-4gb-128gb ssd1,Laptop,simple,base,Yes,Laptop/Microsoft,Microsoft,"Catalog, Search",Surface Laptop,Một sản phẩm phù hợp với các bạn sinh viên.,Ultrabook,13.5,Touchscreen 2256x1504,Intel Core i5 7200U 2.5GHz,4GB,128GB SSD,Intel HD Graphics 620,Windows 10 S,1.252kg,30253182,Bộ sạc + hướng dẫn sử dụng,20,3,Lithium 4 cells,MICROSOFT-2.1.jpg,MICROSOFT-2.1.jpg,MICROSOFT-2.1.jpg,MICROSOFT-2.2.jpg
surface laptop-4gb-128gb ssd,surface laptop-4gb-128gb ssd,Laptop,simple,base,Yes,Laptop/Microsoft,Microsoft,"Catalog, Search",Surface Laptop,Một sản phẩm phù hợp với các bạn sinh viên.,Ultrabook,13.5,Touchscreen 2256x1504,Intel Core M m3-7Y30 2.2GHz,4GB,128GB SSD,Intel HD Graphics 615,Windows 10 S,1.252kg,27475112,Bộ sạc + hướng dẫn sử dụng,20,3,Lithium 4 cells,MICROSOFT-3.1.jpg,MICROSOFT-3.1.jpg,MICROSOFT-3.1.jpg,MICROSOFT-3.2.jpg
surface laptop-8gb-256gb ssd2,surface laptop-8gb-256gb ssd2,Laptop,simple,base,Yes,Laptop/Microsoft,Microsoft,"Catalog, Search",Surface Laptop,Một sản phẩm phù hợp với các bạn sinh viên.,Ultrabook,13.5,Touchscreen 2256x1504,Intel Core i5 7200U 2.5GHz,8GB,256GB SSD,Intel HD Graphics 620,Windows 10 S,1.252kg,37226138,Bộ sạc + hướng dẫn sử dụng,20,3,Lithium 4 cells,MICROSOFT-4.1.jpg,MICROSOFT-4.1.jpg,MICROSOFT-4.1.jpg,MICROSOFT-4.2.jpg
surface laptop-8gb-256gb ssd3,surface laptop-8gb-256gb ssd3,Laptop,simple,base,Yes,Laptop/Microsoft,Microsoft,"Catalog, Search",Surface Laptop,Một sản phẩm phù hợp với các bạn sinh viên.,Ultrabook,13.5,Touchscreen 2256x1504,Intel Core i7 7660U 2.5GHz,8GB,256GB SSD,Intel Iris Plus Graphics 640,Windows 10 S,1.25kg,49977479,Bộ sạc + hướng dẫn sử dụng,20,3,Lithium 4 cells,MICROSOFT-5.1.jpg,MICROSOFT-5.1.jpg,MICROSOFT-5.1.jpg,MICROSOFT-5.2.jpg
surface laptop-8gb-256gb ssd,surface laptop-8gb-256gb ssd,Laptop,simple,base,Yes,Laptop/Microsoft,Microsoft,"Catalog, Search",Surface Laptop,Một sản phẩm phù hợp với các bạn sinh viên.,Ultrabook,13.5,Touchscreen 2256x1504,Intel Core i7 7600U 2.8GHz,8GB,256GB SSD,Intel Iris Plus Graphics 640,Windows 10 S,1.252kg,51890180,Bộ sạc + hướng dẫn sử dụng,20,3,Lithium 4 cells,MICROSOFT-6.1.jpg,MICROSOFT-6.1.jpg,MICROSOFT-6.1.jpg,MICROSOFT-6.2.jpg
swift 3-8gb-256gb ssd,swift 3-8gb-256gb ssd,Laptop,simple,base,Yes,Laptop/Acer,Acer,"Catalog, Search",Swift 3,Một sản phẩm phù hợp với các bạn sinh viên.,Ultrabook,14,IPS Panel Full HD 1920x1080,Intel Core i5 8250U 1.6GHz,8GB,256GB SSD,Intel UHD Graphics 620,Windows 10,1.6kg,21391139,Bộ sạc + hướng dẫn sử dụng,20,3,Lithium 4 cells,acer-17.jpg,acer-17.jpg,acer-17.jpg,acer-18.jpg
tecra a50-c-21g-16gb-512gb ssd,tecra a50-c-21g-16gb-512gb ssd,Laptop,simple,base,Yes,Laptop/Toshiba,Toshiba,"Catalog, Search",Tecra A50-C-21G,Một sản phẩm phù hợp với các bạn sinh viên.,Notebook,15.6,IPS Panel Full HD 1920x1080,Intel Core i7 6500U 2.5GHz,16GB,512GB SSD,Nvidia GeForce 930M,Windows 10,2.4kg,38976322,Bộ sạc + hướng dẫn sử dụng,20,3,Lithium 4 cells,TOSHIBA-12.1.jpg,TOSHIBA-12.1.jpg,TOSHIBA-12.1.jpg,TOSHIBA-12.2.jpg
ux410ua-gv350t (i5-8250u/8gb/256gb/fhd/w10),ux410ua-gv350t (i5-8250u/8gb/256gb/fhd/w10),Laptop,simple,base,Yes,Laptop/Asus,Asus,"Catalog, Search",UX410UA-GV350T (i5-8250U/8GB/256GB/FHD/W10),Một sản phẩm phù hợp với các bạn sinh viên.,Notebook,14,Full HD 1920x1080,Intel Core i5 8250U 1.6GHz,8GB,256GB SSD,Intel UHD Graphics 620,Windows 10,1.4kg,26141639,Bộ sạc + hướng dẫn sử dụng,20,3,Lithium 4 cells,asus-05.jpg,asus-05.jpg,asus-05.jpg,asus-06.jpg
v310-15isk (i5-7200u/4gb/1tb/fhd/w10)-4gb-1tb hdd,v310-15isk (i5-7200u/4gb/1tb/fhd/w10)-4gb-1tb hdd,Laptop,simple,base,Yes,Laptop/Lenovo,Lenovo,"Catalog, Search",V310-15ISK (i5-7200U/4GB/1TB/FHD/W10),Một sản phẩm phù hợp với các bạn sinh viên.,Notebook,15.6,Full HD 1920x1080,Intel Core i5 7200U 2.5GHz,4GB,1TB HDD,Intel HD Graphics 620,Windows 10,1.9kg,15251604,Bộ sạc + hướng dẫn sử dụng,20,3,Lithium 4 cells,lenovo-17.jpg,lenovo-17.jpg,lenovo-17.jpg,lenovo-18.jpg
vivobook e200ha,vivobook e200ha,Laptop,simple,base,Yes,Laptop/Asus,Asus,"Catalog, Search",Vivobook E200HA,Một sản phẩm phù hợp với các bạn sinh viên.,Notebook,11.6,1366x768,Intel Atom x5-Z8350 1.44GHz,2GB,32GB Flash Storage,Intel HD Graphics 400,Windows 10,0.98kg,5331116,Bộ sạc + hướng dẫn sử dụng,20,3,Lithium 4 cells,asus-07.jpg,asus-07.jpg,asus-07.jpg,asus-08.jpg
vivobook max,vivobook max,Laptop,simple,base,Yes,Laptop/Asus,Asus,"Catalog, Search",VivoBook Max,Một sản phẩm phù hợp với các bạn sinh viên.,Notebook,15.6,1366x768,Intel Core i5 7200U 2.5GHz,4GB,256GB SSD,Intel HD Graphics 620,Windows 10,2kg,16284769,Bộ sạc + hướng dẫn sử dụng,20,3,Lithium 4 cells,asus-09.jpg,asus-09.jpg,asus-09.jpg,asus-10.jpg
x540ua-dm186 (i3-6006u/4gb/1tb/fhd/linux),x540ua-dm186 (i3-6006u/4gb/1tb/fhd/linux),Laptop,simple,base,Yes,Laptop/Asus,Asus,"Catalog, Search",X540UA-DM186 (i3-6006U/4GB/1TB/FHD/Linux),Một sản phẩm phù hợp với các bạn sinh viên.,Notebook,15.6,Full HD 1920x1080,Intel Core i3 6006U 2GHz,4GB,1TB HDD,Intel HD Graphics 620,Linux,2kg,10806692,Bộ sạc + hướng dẫn sử dụng,20,3,Lithium 4 cells,asus-11.jpg,asus-11.jpg,asus-11.jpg,asus-12.jpg
x541ua-dm1897 (i3-6006u/4gb/256gb/fhd/linux),x541ua-dm1897 (i3-6006u/4gb/256gb/fhd/linux),Laptop,simple,base,Yes,Laptop/Asus,Asus,"Catalog, Search",X541UA-DM1897 (i3-6006U/4GB/256GB/FHD/Linux),Một sản phẩm phù hợp với các bạn sinh viên.,Notebook,15.6,Full HD 1920x1080,Intel Core i3 6006U 2GHz,4GB,256GB SSD,Intel HD Graphics 520,Linux,2kg,11528991,Bộ sạc + hướng dẫn sử dụng,20,3,Lithium 4 cells,asus-13.jpg,asus-13.jpg,asus-13.jpg,asus-14.jpg
x542uq-go005 (i5-7200u/8gb/1tb/geforce,x542uq-go005 (i5-7200u/8gb/1tb/geforce,Laptop,simple,base,Yes,Laptop/Asus,Asus,"Catalog, Search",X542UQ-GO005 (i5-7200U/8GB/1TB/GeForce,Một sản phẩm phù hợp với các bạn sinh viên.,Notebook,15.6,1366x768,Intel Core i5 7200U 2.5GHz,8GB,1TB HDD,Nvidia GeForce 940MX,Linux,2.3kg,14529028,Bộ sạc + hướng dẫn sử dụng,20,3,Lithium 4 cells,asus-15.jpg,asus-15.jpg,asus-15.jpg,asus-16.jpg
x751nv-ty001t (n4200/4gb/1tb/geforce,x751nv-ty001t (n4200/4gb/1tb/geforce,Laptop,simple,base,Yes,Laptop/Asus,Asus,"Catalog, Search",X751NV-TY001T (N4200/4GB/1TB/GeForce,Một sản phẩm phù hợp với các bạn sinh viên.,Notebook,17.3,1366x768,Intel Pentium Quad Core N4200 1.1GHz,4GB,1TB HDD,Nvidia GeForce 920MX,Windows 10,2.8kg,12945806,Bộ sạc + hướng dẫn sử dụng,20,3,Lithium 4 cells,asus-17.jpg,asus-17.jpg,asus-17.jpg,asus-18.jpg
xps 13-16gb-512gb ssd,xps 13-16gb-512gb ssd,Laptop,simple,base,Yes,Laptop/Dell,Dell,"Catalog, Search",XPS 13,Một sản phẩm phù hợp với các bạn sinh viên.,Ultrabook,13.3,Touchscreen / Quad HD+ 3200x1800,Intel Core i7 8550U 1.8GHz,16GB,512GB SSD,Intel UHD Graphics 620,Windows 10,1.2kg,51922128,Bộ sạc + hướng dẫn sử dụng,20,3,Lithium 4 cells,dell-17.jpg,dell-17.jpg,dell-17.jpg,dell-18.jpg
xps 13-8gb-128gb ssd,xps 13-8gb-128gb ssd,Laptop,simple,base,Yes,Laptop/Dell,Dell,"Catalog, Search",XPS 13,Một sản phẩm phù hợp với các bạn sinh viên.,Ultrabook,13.3,IPS Panel Full HD / Touchscreen 1920x1080,Intel Core i5 8250U 1.6GHz,8GB,128GB SSD,Intel UHD Graphics 620,Windows 10,1.22kg,27197305,Bộ sạc + hướng dẫn sử dụng,20,3,Lithium 4 cells,dell-19.jpg,dell-19.jpg,dell-19.jpg,dell-20.jpg
yoga book-4gb-64gb flash storage,yoga book-4gb-64gb flash storage,Laptop,simple,base,Yes,Laptop/Lenovo,Lenovo,"Catalog, Search",Yoga Book,Một sản phẩm phù hợp với các bạn sinh viên.,2 in 1 Convertible,10.1,IPS Panel Touchscreen 1920x1200,Intel Atom x5-Z8550 1.44GHz,4GB,64GB Flash Storage,Intel HD Graphics 400,Android,0.69kg,8862043,Bộ sạc + hướng dẫn sử dụng,20,3,Lithium 4 cells,lenovo-19.jpg,lenovo-19.jpg,lenovo-19.jpg,lenovo-20.jpg
zenbook ux430un,zenbook ux430un,Laptop,simple,base,Yes,Laptop/Asus,Asus,"Catalog, Search",ZenBook UX430UN,Một sản phẩm phù hợp với các bạn sinh viên.,Ultrabook,14,Full HD 1920x1080,Intel Core i7 8550U 1.8GHz,16GB,512GB SSD,Nvidia GeForce MX150,Windows 10,1.3kg,41532147,Bộ sạc + hướng dẫn sử dụng,20,3,Lithium 4 cells,asus-19.jpg,asus-19.jpg,asus-19.jpg,asus-20.jpg